,type,strike,bid,ask,iv,volume,oi,mid,expiry,dte
0,call,525.0,212.01,214.81,0.9804689453125001,,7,213.41,2026-05-26,9
1,call,580.0,157.09,159.89,0.7402369726562499,,2,158.49,2026-05-26,9
2,call,600.0,137.12,139.92,0.6550327465820314,2.0,0,138.51999999999998,2026-05-26,9
3,call,670.0,67.3,70.11,0.3657289990234375,1.0,5,68.705,2026-05-26,9
4,call,675.0,62.33,65.14,0.34570966796874997,1.0,0,63.735,2026-05-26,9
5,call,680.0,57.38,60.18,0.32605654418945307,1.0,0,58.78,2026-05-26,9
6,call,685.0,52.43,55.21,0.3053047985839844,,2,53.82,2026-05-26,9
7,call,690.0,47.5,50.31,0.28833719482421866,1.0,0,48.905,2026-05-26,9
8,call,693.0,44.56,47.37,0.27771718383789057,,2,45.965,2026-05-26,9
9,call,694.0,43.59,46.39,0.2740551110839844,,3,44.99,2026-05-26,9
10,call,695.0,42.61,45.42,0.2710033837890625,1.0,6,44.015,2026-05-26,9
11,call,698.0,39.68,42.49,0.2601392346191406,,3,41.085,2026-05-26,9
12,call,700.0,37.74,40.56,0.2538526763916016,10.0,4,39.150000000000006,2026-05-26,9
13,call,701.0,36.78,39.59,0.2503737072753906,1.0,1,38.185,2026-05-26,9
14,call,702.0,35.82,38.61,0.24634542724609376,,1,37.215,2026-05-26,9
15,call,707.0,31.05,33.82,0.23011023803710937,,1,32.435,2026-05-26,9
16,call,708.0,30.1,32.88,0.22736368347167968,,6,31.490000000000002,2026-05-26,9
17,call,709.0,29.16,31.97,0.22565471618652344,1.0,0,30.564999999999998,2026-05-26,9
18,call,710.0,28.23,31.04,0.2230302307128906,4.0,6,29.634999999999998,2026-05-26,9
19,call,712.0,27.51,27.96,0.16577982666015628,,3,27.735,2026-05-26,9
20,call,713.0,26.6,27.04,0.1651694812011719,,1,26.82,2026-05-26,9
21,call,715.0,24.79,25.23,0.16431499755859375,6.0,7,25.009999999999998,2026-05-26,9
22,call,716.0,23.89,24.34,0.16394879028320314,1.0,0,24.115000000000002,2026-05-26,9
23,call,718.0,22.14,22.54,0.16138533935546873,3.0,0,22.34,2026-05-26,9
24,call,719.0,21.28,21.67,0.1607749938964844,1.0,0,21.475,2026-05-26,9
25,call,720.0,20.42,20.8,0.15979844116210937,5.0,10,20.61,2026-05-26,9
26,call,721.0,19.57,19.94,0.1588218884277344,,16,19.755000000000003,2026-05-26,9
27,call,722.0,18.73,19.08,0.1575401629638672,,4,18.905,2026-05-26,9
28,call,723.0,17.9,18.28,0.1577232666015625,1.0,5,18.09,2026-05-26,9
29,call,725.0,16.3,16.63,0.1554039538574219,26.0,41,16.465,2026-05-26,9
30,call,726.0,15.5,15.83,0.15436636657714847,1.0,5,15.665,2026-05-26,9
31,call,727.0,14.71,15.03,0.15302360656738284,,1,14.870000000000001,2026-05-26,9
32,call,728.0,13.94,14.3,0.15302360656738284,20.0,27,14.120000000000001,2026-05-26,9
33,call,729.0,13.21,13.51,0.15119257019042973,2.0,21,13.36,2026-05-26,9
34,call,730.0,12.48,12.79,0.1506432592773438,261.0,516,12.635,2026-05-26,9
35,call,731.0,11.74,12.07,0.14966670654296876,22.0,8,11.905000000000001,2026-05-26,9
36,call,732.0,10.97,11.5,0.15161981201171876,54.0,24,11.235,2026-05-26,9
37,call,733.0,10.28,10.83,0.15088739746093754,,40,10.555,2026-05-26,9
38,call,734.0,9.6,10.0,0.14630980651855469,5.0,48,9.8,2026-05-26,9
39,call,735.0,9.08,9.5,0.1484154983520508,53.0,356,9.29,2026-05-26,9
40,call,736.0,8.44,8.71,0.1439294592285156,21.0,22,8.575,2026-05-26,9
41,call,737.0,7.98,8.04,0.14154911193847658,150.0,82,8.01,2026-05-26,9
42,call,738.0,7.4,7.45,0.14041997283935548,62.0,156,7.425000000000001,2026-05-26,9
43,call,739.0,6.84,6.89,0.13941290283203128,302.0,105,6.865,2026-05-26,9
44,call,740.0,6.3,6.35,0.13834479827880858,835.0,213,6.324999999999999,2026-05-26,9
45,call,741.0,5.78,5.83,0.1371851419067383,1119.0,53,5.805,2026-05-26,9
46,call,742.0,5.29,5.34,0.13617807189941405,928.0,252,5.3149999999999995,2026-05-26,9
47,call,743.0,4.82,4.87,0.135048932800293,825.0,145,4.845000000000001,2026-05-26,9
48,call,744.0,4.38,4.43,0.13404186279296876,262.0,478,4.404999999999999,2026-05-26,9
49,call,745.0,3.96,4.01,0.13294324096679688,397.0,400,3.985,2026-05-26,9
50,call,746.0,3.57,3.61,0.13172255004882813,299.0,245,3.59,2026-05-26,9
51,call,747.0,3.2,3.24,0.130593410949707,357.0,216,3.22,2026-05-26,9
52,call,748.0,2.86,2.9,0.1295863409423828,237.0,209,2.88,2026-05-26,9
53,call,749.0,2.54,2.58,0.12851823638916016,304.0,457,2.56,2026-05-26,9
54,call,750.0,2.25,2.28,0.12732806274414063,2857.0,1204,2.2649999999999997,2026-05-26,9
55,call,751.0,1.98,2.02,0.12659564819335936,157.0,372,2.0,2026-05-26,9
56,call,752.0,1.74,1.77,0.12549702636718751,218.0,327,1.755,2026-05-26,9
57,call,753.0,1.52,1.55,0.12464254272460937,298.0,271,1.5350000000000001,2026-05-26,9
58,call,754.0,1.32,1.35,0.12378805908203125,582.0,231,1.335,2026-05-26,9
59,call,755.0,1.14,1.17,0.12293357543945313,516.0,436,1.1549999999999998,2026-05-26,9
60,call,756.0,0.97,1.0,0.12177391906738282,199.0,142,0.985,2026-05-26,9
61,call,757.0,0.83,0.86,0.1211025390625,646.0,148,0.845,2026-05-26,9
62,call,758.0,0.71,0.73,0.12012598632812499,293.0,84,0.72,2026-05-26,9
63,call,759.0,0.6,0.62,0.11939357177734375,152.0,76,0.61,2026-05-26,9
64,call,760.0,0.5,0.53,0.11902736450195311,367.0,476,0.515,2026-05-26,9
65,call,761.0,0.42,0.44,0.11805081176757812,80.0,214,0.43,2026-05-26,9
66,call,762.0,0.35,0.37,0.11756253540039063,161.0,54,0.36,2026-05-26,9
67,call,763.0,0.29,0.31,0.11707425903320312,293.0,37,0.3,2026-05-26,9
68,call,764.0,0.24,0.26,0.11683012084960936,134.0,56,0.25,2026-05-26,9
69,call,765.0,0.2,0.21,0.1157314990234375,507.0,191,0.20500000000000002,2026-05-26,9
70,call,766.0,0.16,0.17,0.11499908447265625,381.0,132,0.165,2026-05-26,9
71,call,767.0,0.13,0.14,0.1147549462890625,5.0,14,0.135,2026-05-26,9
72,call,768.0,0.11,0.12,0.11524322265625,20.0,58,0.11499999999999999,2026-05-26,9
73,call,769.0,0.09,0.1,0.11524322265625,74.0,216,0.095,2026-05-26,9
74,call,770.0,0.07,0.08,0.1147549462890625,220.0,93,0.07500000000000001,2026-05-26,9
75,call,771.0,0.06,0.07,0.1157314990234375,15.0,52,0.065,2026-05-26,9
76,call,772.0,0.05,0.06,0.116219775390625,93.0,16,0.055,2026-05-26,9
77,call,773.0,0.04,0.05,0.116219775390625,73.0,27,0.045,2026-05-26,9
78,call,774.0,0.04,0.05,0.11914943359374999,3.0,182,0.045,2026-05-26,9
79,call,775.0,0.03,0.04,0.11914943359374999,393.0,613,0.035,2026-05-26,9
80,call,780.0,0.02,0.03,0.1289149609375,1146.0,1323,0.025,2026-05-26,9
81,call,785.0,0.01,0.02,0.13672738281250002,251.0,27,0.015,2026-05-26,9
82,call,790.0,0.01,0.02,0.148446015625,196.0,70,0.015,2026-05-26,9
83,call,795.0,0.01,0.02,0.16211775390625,250.0,328,0.015,2026-05-26,9
84,call,800.0,0.01,0.02,0.17383638671875,167.0,253,0.015,2026-05-26,9
85,call,805.0,0.01,0.02,0.18555501953124998,3.0,6,0.015,2026-05-26,9
86,call,810.0,0.01,0.02,0.19727365234375,25.0,13,0.015,2026-05-26,9
87,call,815.0,0.01,0.02,0.21094539062499998,18.0,0,0.015,2026-05-26,9
88,call,825.0,0.0,0.01,0.21875781249999998,22.0,0,0.005,2026-05-26,9
89,call,830.0,0.0,0.01,0.2304764453125,4.0,423,0.005,2026-05-26,9
90,call,835.0,0.0,0.01,0.242195078125,,172,0.005,2026-05-26,9
91,call,840.0,0.0,0.01,0.2500075,14.0,302,0.005,2026-05-26,9
92,put,500.0,0.0,0.01,0.6875031250000001,12.0,28,0.005,2026-05-26,9
93,put,510.0,0.01,0.02,0.710940390625,,275,0.015,2026-05-26,9
94,put,515.0,0.01,0.02,0.6875031250000001,,275,0.015,2026-05-26,9
95,put,535.0,0.01,0.02,0.6250037500000001,77.0,0,0.015,2026-05-26,9
96,put,550.0,0.01,0.02,0.570316796875,,104,0.015,2026-05-26,9
97,put,560.0,0.02,0.03,0.5625043750000001,246.0,0,0.025,2026-05-26,9
98,put,565.0,0.02,0.03,0.5468795312500001,8.0,19,0.025,2026-05-26,9
99,put,570.0,0.02,0.03,0.5312546875,3.0,11,0.025,2026-05-26,9
100,put,575.0,0.02,0.03,0.51562984375,9.0,0,0.025,2026-05-26,9
101,put,580.0,0.02,0.03,0.50586431640625,3.0,25,0.025,2026-05-26,9
102,put,585.0,0.02,0.03,0.48828636718750007,77.0,8,0.025,2026-05-26,9
103,put,595.0,0.03,0.04,0.4687553125,190.0,0,0.035,2026-05-26,9
104,put,600.0,0.03,0.04,0.45313046875,195.0,157,0.035,2026-05-26,9
105,put,605.0,0.03,0.04,0.43555251953125,221.0,120,0.035,2026-05-26,9
106,put,610.0,0.03,0.05,0.42969320312500003,210.0,115,0.04,2026-05-26,9
107,put,615.0,0.04,0.05,0.41211525390625,,139,0.045,2026-05-26,9
108,put,620.0,0.04,0.05,0.39649041015625003,182.0,0,0.045,2026-05-26,9
109,put,625.0,0.05,0.06,0.38672488281249995,200.0,127,0.055,2026-05-26,9
110,put,630.0,0.05,0.06,0.3711000390625,46.0,45,0.055,2026-05-26,9
111,put,635.0,0.06,0.07,0.35938140625,186.0,0,0.065,2026-05-26,9
112,put,640.0,0.06,0.07,0.3437565625,247.0,10,0.065,2026-05-26,9
113,put,645.0,0.07,0.08,0.3320379296875,62.0,12,0.07500000000000001,2026-05-26,9
114,put,650.0,0.08,0.09,0.3193427441406249,560.0,24,0.08499999999999999,2026-05-26,9
115,put,655.0,0.09,0.1,0.3061592822265625,227.0,0,0.095,2026-05-26,9
116,put,660.0,0.11,0.12,0.295905478515625,13.0,11,0.11499999999999999,2026-05-26,9
117,put,665.0,0.13,0.14,0.2841868457031249,88.0,25,0.135,2026-05-26,9
118,put,670.0,0.15,0.16,0.27149166015625,78.0,370,0.155,2026-05-26,9
119,put,675.0,0.17,0.19,0.25977302734375,67.0,65,0.18,2026-05-26,9
120,put,680.0,0.21,0.22,0.247077841796875,78.0,88,0.215,2026-05-26,9
121,put,685.0,0.26,0.28,0.23731231445312498,97.0,117,0.27,2026-05-26,9
122,put,690.0,0.33,0.35,0.22657023437499998,102.0,91,0.33999999999999997,2026-05-26,9
123,put,691.0,0.35,0.36,0.2238847143554687,97.0,1,0.355,2026-05-26,9
124,put,692.0,0.37,0.38,0.2219316088867187,28.0,136,0.375,2026-05-26,9
125,put,693.0,0.39,0.4,0.2199785034179687,99.0,1,0.395,2026-05-26,9
126,put,694.0,0.41,0.42,0.2180253979492187,16.0,15,0.415,2026-05-26,9
127,put,695.0,0.43,0.44,0.215828154296875,49.0,76,0.435,2026-05-26,9
128,put,696.0,0.45,0.47,0.21436332519531248,8.0,1,0.45999999999999996,2026-05-26,9
129,put,697.0,0.48,0.49,0.21192194335937498,6.0,6,0.485,2026-05-26,9
130,put,698.0,0.5,0.52,0.21021297607421874,20.0,6,0.51,2026-05-26,9
131,put,699.0,0.53,0.55,0.20850400878906244,12.0,3,0.54,2026-05-26,9
132,put,700.0,0.56,0.58,0.20642883422851557,2735.0,362,0.5700000000000001,2026-05-26,9
133,put,701.0,0.59,0.61,0.2043536596679687,16.0,63,0.6,2026-05-26,9
134,put,702.0,0.63,0.65,0.20276676147460934,14.0,24,0.64,2026-05-26,9
135,put,703.0,0.67,0.69,0.2010577941894531,9.0,2,0.6799999999999999,2026-05-26,9
136,put,704.0,0.71,0.73,0.1991046887207031,2.0,4,0.72,2026-05-26,9
137,put,705.0,0.75,0.77,0.19702951416015624,32.0,112,0.76,2026-05-26,9
138,put,706.0,0.8,0.82,0.19544261596679688,58.0,230,0.81,2026-05-26,9
139,put,707.0,0.85,0.87,0.19361157958984376,2.0,14,0.86,2026-05-26,9
140,put,708.0,0.91,0.93,0.19208571594238283,5.0,33,0.92,2026-05-26,9
141,put,709.0,0.97,0.99,0.19043778320312502,116.0,11,0.98,2026-05-26,9
142,put,710.0,1.03,1.06,0.1889729541015625,659.0,667,1.045,2026-05-26,9
143,put,711.0,1.1,1.13,0.18738605590820312,51.0,32,1.115,2026-05-26,9
144,put,712.0,1.18,1.2,0.18555501953124998,17.0,199,1.19,2026-05-26,9
145,put,713.0,1.26,1.29,0.18433432861328125,42.0,56,1.275,2026-05-26,9
146,put,714.0,1.35,1.37,0.18244225769042968,227.0,256,1.36,2026-05-26,9
147,put,715.0,1.44,1.47,0.18116053222656248,328.0,315,1.455,2026-05-26,9
148,put,716.0,1.54,1.57,0.17963466857910154,74.0,31,1.5550000000000002,2026-05-26,9
149,put,717.0,1.66,1.68,0.17816983947753906,90.0,58,1.67,2026-05-26,9
150,put,718.0,1.78,1.8,0.17682707946777343,70.0,32,1.79,2026-05-26,9
151,put,719.0,1.9,1.93,0.1754843194580078,214.0,74,1.915,2026-05-26,9
152,put,720.0,2.05,2.07,0.17426362854003907,2922.0,323,2.0599999999999996,2026-05-26,9
153,put,721.0,2.19,2.22,0.1729819030761719,122.0,35,2.205,2026-05-26,9
154,put,722.0,2.34,2.38,0.17176121215820314,68.0,127,2.36,2026-05-26,9
155,put,723.0,2.51,2.55,0.170479486694336,161.0,76,2.53,2026-05-26,9
156,put,724.0,2.69,2.73,0.16913672668457033,113.0,96,2.71,2026-05-26,9
157,put,725.0,2.89,2.93,0.1680686221313477,334.0,677,2.91,2026-05-26,9
158,put,726.0,3.09,3.13,0.16663431030273443,126.0,130,3.11,2026-05-26,9
159,put,727.0,3.32,3.36,0.1656577575683594,1261.0,80,3.34,2026-05-26,9
160,put,728.0,3.55,3.59,0.16431499755859375,98.0,308,3.57,2026-05-26,9
161,put,729.0,3.8,3.84,0.16312482391357425,302.0,84,3.82,2026-05-26,9
162,put,730.0,4.07,4.11,0.16202620208740232,1077.0,931,4.09,2026-05-26,9
163,put,731.0,4.34,4.39,0.1608055111694336,209.0,26,4.365,2026-05-26,9
164,put,732.0,4.64,4.69,0.15964585479736326,129.0,321,4.665,2026-05-26,9
165,put,733.0,4.96,5.01,0.15854723297119144,1993.0,406,4.984999999999999,2026-05-26,9
166,put,734.0,5.29,5.34,0.1572655075073242,157.0,170,5.3149999999999995,2026-05-26,9
167,put,735.0,5.65,5.7,0.1562584375,1015.0,677,5.675000000000001,2026-05-26,9
168,put,736.0,6.02,6.08,0.1552208502197266,280.0,124,6.05,2026-05-26,9
169,put,737.0,6.42,6.47,0.1540001593017578,531.0,362,6.445,2026-05-26,9
170,put,738.0,6.84,6.89,0.15299308929443362,232.0,230,6.865,2026-05-26,9
171,put,739.0,7.28,7.34,0.15216912292480472,322.0,132,7.3100000000000005,2026-05-26,9
172,put,740.0,7.74,7.8,0.15107050109863285,1468.0,525,7.77,2026-05-26,9
173,put,741.0,8.18,8.39,0.15223015747070315,390.0,349,8.285,2026-05-26,9
174,put,742.0,8.69,8.92,0.15174188110351564,349.0,285,8.805,2026-05-26,9
175,put,743.0,9.2,9.48,0.15140619110107423,207.0,250,9.34,2026-05-26,9
176,put,744.0,9.78,10.01,0.1500023965454102,142.0,677,9.895,2026-05-26,9
177,put,745.0,10.36,10.7,0.15152826019287113,156.0,446,10.53,2026-05-26,9
178,put,746.0,10.78,11.31,0.15091791473388677,102.0,539,11.045,2026-05-26,9
179,put,747.0,11.43,12.03,0.15229119201660157,27.0,171,11.73,2026-05-26,9
180,put,748.0,12.08,12.68,0.15171136383056644,81.0,129,12.379999999999999,2026-05-26,9
181,put,749.0,12.94,13.38,0.15180291564941406,85.0,202,13.16,2026-05-26,9
182,put,750.0,13.7,14.06,0.15100946655273442,120.0,290,13.879999999999999,2026-05-26,9
183,put,751.0,14.44,14.8,0.15119257019042973,3.0,77,14.620000000000001,2026-05-26,9
184,put,752.0,15.2,15.59,0.15223015747070315,1.0,31,15.395,2026-05-26,9
185,put,753.0,15.99,16.39,0.15314567565917972,13.0,15,16.19,2026-05-26,9
186,put,754.0,16.79,17.2,0.1540001593017578,53.0,2,16.994999999999997,2026-05-26,9
187,put,755.0,17.62,18.07,0.15619740295410156,3.0,48,17.845,2026-05-26,9
188,put,756.0,18.45,18.92,0.1575401629638672,1.0,12,18.685000000000002,2026-05-26,9
189,put,757.0,18.26,20.92,0.19129226684570313,7.0,11,19.590000000000003,2026-05-26,9
190,put,758.0,19.15,21.82,0.19446606323242188,,1,20.485,2026-05-26,9
191,put,759.0,20.07,22.73,0.1977619287109375,1.0,5,21.4,2026-05-26,9
192,put,760.0,21.0,23.66,0.2014850360107422,,10,22.33,2026-05-26,9
193,put,761.0,21.8,24.61,0.20563538513183593,,4,23.205,2026-05-26,9
194,put,766.0,26.75,29.0,0.21326470336914063,,3,27.875,2026-05-26,9
195,put,769.0,29.75,32.0,0.22840127075195313,1.0,1,30.875,2026-05-26,9
