Price,Close,High,Low,Open,Volume,returns
Ticker,SPY,SPY,SPY,SPY,SPY,
date,,,,,,
2023-05-18,403.4275207519531,403.8509377054382,399.0394081133319,399.2607196795313,97177200,
2023-05-19,402.84051513671875,404.86136352045077,401.6183971431854,404.3321069908471,103793300,-0.0014561056443310471
2023-05-22,403.0041198730469,404.54381527738377,401.6183969458684,402.85977985297563,60745400,0.0004060453627613569
2023-05-23,398.48126220703125,402.9367433972177,398.08671324851565,401.35854756315524,86383500,-0.011286308590174616
2023-05-24,395.59429931640625,397.2590989710873,394.42991748733095,396.8741825133282,89213700,-0.007271286890986823
2023-05-25,399.0201110839844,400.4732023013642,396.86455539773374,399.1067150856023,90961600,0.008622629915588948
2023-05-26,404.187744140625,404.90947362025605,399.59755522238083,399.67452677861917,93830000,0.01286766389587426
2023-05-30,404.34173583984375,406.65126441099187,402.95601282370507,406.12200784767117,72216000,0.0003809179625324261
2023-05-31,402.09954833984375,403.41790279671176,400.5309849376734,402.51333285149997,110811800,-0.005560710548017567
2023-06-01,405.91986083984375,406.9784031486699,401.07946358730794,402.33044944585635,88865000,0.009456062375068675
2023-06-02,411.78997802734375,412.5790465929496,407.9696222034908,408.49887873292437,91426200,0.014357704282761194
2023-06-05,411.0008544921875,413.4258547804784,410.298360615152,412.13636840253633,65460200,-0.0019181637566258853
2023-06-06,411.8958740234375,412.42513062538865,409.932761379412,410.58715183892133,64022200,0.002175290903859306
2023-06-07,410.4715881347656,413.4258744271593,410.0481711705742,412.2903604628489,85373300,-0.00346387078357839
2023-06-08,412.954345703125,413.4066306619177,409.76911544531237,410.5389484373123,61952800,0.006030330088216349
2023-06-09,413.6953125,415.7065283650919,412.70413856902655,413.75304850629004,85742800,0.0017926989697835318
2023-06-12,417.4483642578125,417.52536518959647,413.95521786844915,414.676947425857,76104300,0.009031115488930513
2023-06-13,420.2005615234375,420.84529012852545,418.247081424966,418.9110749460117,95899700,0.0065712665165258
2023-06-14,420.700927734375,422.5100677032549,417.2462527373111,420.53735216092747,100612100,0.0011900710758249355
2023-06-15,425.9166259765625,427.1676119841462,419.7867416783568,419.8829487810575,110303100,0.01232141763485702
2023-06-16,424.4658203125,428.47421834147775,423.9925483177265,427.9043524050704,114165800,-0.0034121284558298456
2023-06-20,422.263671875,423.41307214231983,420.1870344889163,422.52447850076925,76160400,-0.005201551198940793
2023-06-21,420.10003662109375,422.08007971224396,419.510834231047,421.2784119248558,76982300,-0.005137068442481535
2023-06-22,421.6165771484375,421.7228098726015,418.80586088521426,419.143925012139,70637200,0.003603450718542694
2023-06-23,418.4290771484375,420.21596194306784,417.71433502111864,418.1586317913709,92074500,-0.007588909677555038
2023-06-26,416.719482421875,419.78130707914215,416.47801229853,417.8592143297431,72823600,-0.004094114981000864
2023-06-27,421.2881774902344,421.90632578060763,417.14454123449,417.59850632056305,72813700,0.010903815209298433
2023-06-28,421.50067138671875,422.5148342796088,419.5882170864921,420.20636537536024,75636000,0.0005042636747515117
2023-06-29,423.1618957519531,423.32610840810986,420.679605245235,421.0852585523664,67882300,0.003933467805390439
2023-06-30,428.155517578125,429.1407051013052,426.0595438710738,426.3783009507995,104964000,0.011731650313275253
2023-07-03,428.64813232421875,428.92821645735074,427.5277073626863,427.8078209721531,32793400,0.0011498895935602698
2023-07-05,428.0106506347656,428.7447292814146,426.8226069528998,426.8322751907773,58418400,-0.0014882980710740645
2023-07-06,424.6590270996094,425.08401688065084,422.1477318870011,424.42722521043544,80658300,-0.007861522192020626
2023-07-07,423.58685302734375,427.5373299461191,423.34538291856603,423.6641399688983,86134200,-0.002527980785710738
2023-07-10,424.6590270996094,424.8328785164898,422.6596473764828,423.2295133382579,62443500,0.0025279807857108384
2023-07-11,427.36346435546875,427.85607282742535,424.44651594855435,425.4220646553444,64463800,0.006348297998181769
2023-07-12,430.80206298828125,432.2122699147005,429.7299496500487,431.1594635773627,91924500,0.00801387826964614
2023-07-13,434.2212219238281,435.01325098389225,432.18322827988203,432.6178568057713,72425200,0.007905398159684742
2023-07-14,433.9508056640625,435.9598242076378,433.18775178790105,435.1098740968055,69815800,-0.0006229554971082227
2023-07-17,435.4576110839844,436.5104174127122,433.7576517763609,433.80596349270843,52680200,0.003466280978184349
2023-07-18,438.69329833984375,439.3404218148386,434.69453863237396,435.12919667930265,80668200,0.007403074226094191
2023-07-19,439.6688232421875,440.85683741354967,438.61598753921226,439.4853035858035,65891700,0.002221237185595913
2023-07-20,436.7518615722656,439.5722457578469,436.0371193951603,438.6739839174844,70591600,-0.006656557726850724
2023-07-21,436.7518615722656,438.6739839174844,436.74222281063936,438.47112777830426,71275600,0.0
2023-07-24,438.7029724121094,439.5143085643416,436.86777572408096,437.9012750217946,54023400,0.004457372315552337
2023-07-25,439.900634765625,441.15626767500714,438.3841952460214,438.4325069587421,55191200,0.0027262876809242198
2023-07-26,439.9682312011719,441.39771546076753,437.91090104233945,438.96370723872633,71052900,0.00015365115938173286
2023-07-27,437.05126953125,443.7641509737044,436.14333947921443,443.35846818342566,92194400,-0.00665201269435247
2023-07-28,441.3301696777344,442.1608128318353,437.0512962860115,440.3256456163928,80011800,0.009742769603466195
2023-07-31,442.17047119140625,442.52784228350436,440.48981896786944,441.80343186125066,62040400,0.0019022097510292574
2023-08-01,440.9051208496094,441.64883818871544,439.94887915495036,440.7022647310359,55291500,-0.0028657823162528745
2023-08-02,434.7718200683594,438.0461398306252,434.0184344125547,437.7853626915781,93933400,-0.014008364937610691
2023-08-03,433.52581787109375,435.4092967139093,432.10597229878186,432.7531252299224,64276100,-0.0028699906531661074
2023-08-04,431.5650939941406,437.44730311288595,431.0435102343316,435.34169055011716,100128900,-0.004532996954383221
2023-08-07,435.3320007324219,435.4865451527169,432.7048045400754,433.40023969323573,58357500,0.008690605770042596
2023-08-08,433.4388732910156,435.3223520518387,430.0775985479417,432.7917203880473,71361300,-0.004358181183267802
2023-08-09,430.541259765625,433.87355948928627,429.77820586959297,433.7093468244431,78789600,-0.006707618100624635
2023-08-10,430.6957702636719,436.2882265207825,429.52706313111736,432.89797658868093,93005500,0.00035881062777650834
2023-08-11,430.4447021484375,431.45889450819044,428.2231884627009,428.82202974443834,68690900,-0.0005831060794180996
2023-08-14,432.82073974609375,432.82073974609375,429.21802398769285,429.52711285274876,47867400,0.005504780991698755
2023-08-15,427.77886962890625,431.40092184966306,427.2089741403311,431.0435212704258,75707500,-0.01171724399343454
2023-08-16,424.63970947265625,429.0247856402229,424.53344729188865,427.3634700312785,80107200,-0.0073653353512909275
2023-08-17,421.40399169921875,426.368601907091,420.8824080004751,426.1078247958852,95711300,-0.007649093174242473
2023-08-18,421.60687255859375,422.6403718520157,418.23595877170976,418.5836616313642,98852000,0.00048132443339366453
2023-08-21,424.3498840332031,425.09360131681507,420.4670555040782,422.6209498938405,68719000,0.006485014905163062
2023-08-22,423.20062255859375,426.12723989880345,422.64042472251566,426.12723989880345,64994200,-0.0027119615174484276
2023-08-23,427.9140625,428.5322402058597,424.1181589807745,424.2630351692306,68441000,0.011076035252485537
2023-08-24,421.98358154296875,430.0293538199984,421.95457682823127,429.51743829068363,88517300,-0.01395597988681532
2023-08-25,424.9584655761719,426.24307373449807,420.1580380770201,423.71247141677657,102325100,0.0070250291097934394
2023-08-28,427.6532897949219,428.27143803085545,424.95847475635645,427.15101303461915,61595400,0.006321360632063928
2023-08-29,433.8348693847656,434.1149829705276,427.3634585355922,427.5469781804364,83081900,0.01435117968423598
2023-08-30,435.62176513671875,436.2592497912926,433.4678410527647,434.17294441532357,69053900,0.004110379280200903
2023-08-31,434.9842834472656,437.3796481914474,434.80076379653127,436.23991629050073,66084600,-0.0014644552594600653
2023-09-01,435.79559326171875,438.19098733790463,434.3371043810238,437.70804712324605,58944100,0.0018634101933509518
2023-09-05,433.91217041015625,435.6700800917991,433.84458117342785,435.35135247874024,55166200,-0.004331169329511198
2023-09-06,430.9951477050781,433.2070220459065,428.6673724339583,433.10075987558594,70758500,-0.006745309478036737
2023-09-07,429.67193603515625,430.3480346831722,427.6435811384425,427.9912839614794,70355400,-0.0030748537674327066
2023-09-08,430.3191223144531,431.8548689598933,429.36290993507305,429.7202810475146,61659700,0.0015051003035145756
2023-09-11,433.149169921875,433.4582293140434,431.2367157088773,432.94631377147886,60180100,0.00655509360705635
2023-09-12,430.7730712890625,433.2264162204621,430.1935665209915,431.7003378706483,67565400,-0.005500737244207287
2023-09-13,431.27532958984375,432.4343685526933,429.8940980148542,430.99521597971284,60199300,0.0011652671870899937
2023-09-14,434.99395751953125,435.6893927060478,432.4440481531944,433.74799281245487,83430800,0.008585438330990841
2023-09-15,429.7530212402344,433.7368084981918,429.3168595859164,433.4072542770486,111848900,-0.012121465766840131
2023-09-18,430.0050964355469,431.3039383717458,428.96795152295476,429.44289301849346,55752200,0.0005863863273939322
2023-09-19,429.11328125,429.6754845917088,426.42836539622306,429.08420380682946,66514600,-0.0020761178646403035
2023-09-20,425.1683044433594,430.7901603921495,424.96473276036625,430.3733738455972,82562600,-0.009235841940486673
2023-09-21,418.1409606933594,422.5802845540439,417.98587113932,422.31858757052555,104095800,-0.01666649877213075
2023-09-22,417.20074462890625,420.7677155797648,416.7839285170148,419.16839709834846,100829700,-0.0022510942659804568
2023-09-25,418.95513916015625,418.993889361631,415.55293063128704,415.9891218304828,70874500,0.004196339796751982
2023-09-26,412.8001403808594,416.6191352673673,411.96653779928545,415.91154478605614,96168400,-0.01480029350936933
2023-09-27,412.96490478515625,414.53517529607944,409.3204041006066,413.9729720120895,104705800,0.0003990588060075631
2023-09-28,415.3591003417969,417.0359784928409,411.8212066146307,412.4124874162186,92258300,0.005780835057934379
2023-09-29,414.3510437011719,418.5868254716406,412.8292551807975,418.4123608156291,115111300,-0.0024299019214405735
2023-10-02,414.1862487792969,415.436637965525,411.4237734247356,413.51743802249865,83798600,-0.00039779723989197095
2023-10-03,408.64190673828125,414.2443872113326,407.27520783651096,412.00533549021924,103760600,-0.01347651004769522
2023-10-04,411.61767578125,412.3640165843667,407.64359070503724,409.107224446792,87453000,0.007255708220654778
2023-10-05,411.4625549316406,412.3058303467078,408.23484048426144,411.3268404794052,70142700,-0.0003769276570075328
2023-10-06,416.3477783203125,417.8889419596687,407.68234534407696,409.01026454136644,113273300,0.011802897125147479
2023-10-09,419.0133056640625,419.5851817448939,413.89546879833836,414.44794019758774,80374400,0.006381758598504333
2023-10-10,421.1942138671875,423.79189736248946,419.245936455557,419.64334789466267,78607300,0.005191367728654039
2023-10-11,422.9195556640625,423.1715503152822,419.8759785243393,422.2604472219357,62451700,0.004087942317429219
2023-10-12,420.34124755859375,423.90821868639375,417.9858858829249,423.5302119190894,81154200,-0.006115109655683511
2023-10-13,418.24761962890625,423.045605313089,416.6773783738098,421.8436685163455,95143100,-0.004993226982903928
2023-10-16,422.64813232421875,423.71435449669224,420.25399100160854,420.4963128780658,75433200,0.010466345812727542
2023-10-17,422.6287536621094,424.6836681484373,419.1684195342952,419.5173488593283,75324700,-4.5851631421735487e-05
2023-10-18,416.9971923828125,421.81455273319096,415.91159504982164,420.85496751569167,93559800,-0.013414653887019946
2023-10-19,413.333251953125,419.5270131332278,412.65476846702256,417.714450283055,121323000,-0.008825315837848721
2023-10-20,408.2542419433594,413.4399364601398,408.1476049268172,412.89713777676974,123919900,-0.012364050693521724
2023-10-23,407.5466003417969,411.4140774521023,404.96829212836195,406.7227000782813,92035100,-0.0017348395401526036
2023-10-24,410.6192321777344,411.7726865675268,407.81797735100866,409.6693198625217,78564200,0.007511059883626543
2023-10-25,404.7259826660156,408.9617938766799,404.21226147565824,408.93271643497314,94223200,-0.0144560905842104
2023-10-26,399.87957763671875,404.512771066671,398.9587721877273,403.65982284727204,115156800,-0.012046806235743003
2023-10-27,398.06695556640625,401.8665753160578,396.642101857825,401.46916391920945,107367700,-0.0045432246716572006
2023-10-30,402.826171875,403.882691656562,399.55967786827136,400.8585195147872,86562700,0.011884912395393738
2023-10-31,405.3560485839844,405.67590044700427,401.48857130380884,403.39806888205027,79665200,0.006260679605116435
2023-11-01,409.6791076660156,410.49330571448974,405.7922548569512,406.32538079437717,98068100,0.010608375825366704
2023-11-02,417.5303039550781,417.68539350879695,413.4592845158063,413.4786596174057,94938900,0.018982936952764866
2023-11-03,421.3396301269531,422.89049620638866,419.71123405468535,419.83724617580907,100167800,0.009082104868248753
2023-11-06,422.308837890625,422.7547018208165,420.36056071301397,422.09559347526306,67831700,0.002297658863386686
2023-11-07,423.51080322265625,424.1505365569555,421.1651439105342,422.308896123232,64256100,0.0028421334353132665
2023-11-08,423.8209228515625,424.6351207317609,421.5140140675149,424.1116972443818,61746000,0.0007319911038625589
2023-11-09,420.5157165527344,425.0035227425126,420.08922765476564,424.9647429571584,83174400,-0.007829159668033082
2023-11-10,427.0777587890625,427.38793789386506,420.5059906051338,422.58998243152627,89462200,0.01548424695884534
2023-11-13,426.6706848144531,427.7756572288507,424.9550565166978,425.7401770580696,52236100,-0.0009536158068763617
2023-11-14,434.9483947753906,436.23753414765645,432.3894615518305,432.61240832792026,97176900,0.01921490561593442
2023-11-15,435.8692321777344,437.51703289700214,435.01625437389265,436.28601873814944,77327600,0.0021148808133026977
2023-11-16,436.4023742675781,436.7222261657172,434.3571620148054,435.42338430911985,66665800,0.0012224223562811033
2023-11-17,436.9450988769531,437.5557547047121,435.4911676985958,436.4119730300388,83133200,0.0012428608221267462
2023-11-20,440.3085632324219,441.1518386514175,436.6834077524104,436.69311009341754,69936200,0.007668205861295509
2023-11-21,439.3489685058594,440.18257120218567,438.0792041489343,439.2617361737396,49244600,-0.002181747038093474
2023-11-22,441.04522705078125,442.3634735504526,439.9499569252717,441.00647684513626,59394900,0.0038534116931485942
2023-11-24,441.3166198730469,441.51048921964684,440.7641484378246,441.0937026627971,29737400,0.0006151508743719503
2023-11-27,440.52178955078125,441.5007498020653,440.1340508901427,440.68655185927656,50506000,-0.0018026670850627522
2023-11-28,440.9579772949219,442.25681906014256,439.57190319998205,440.13407696271906,62115000,0.0009896716774419794
2023-11-29,440.6477966308594,444.2438747206066,440.2504147680835,443.10979527762873,63146000,-0.0007036720630361266
2023-11-30,442.3828430175781,442.73180192610516,439.41682540648986,441.4911150141487,79752700,0.003929758587469678
2023-12-01,444.99993896484375,445.53303530779465,441.18094348970146,441.77219472169025,89183400,0.005898477158313283
2023-12-04,442.6639709472656,445.01933279334,440.3861390964009,441.60745097820734,72430900,-0.005263193386411947
2023-12-05,442.57666015625,443.5362452759612,440.89978220152403,441.2778185094744,69793500,-0.00019725888810568815
2023-12-06,440.7931823730469,444.74786226267736,440.35699117640615,444.7187848215884,69124700,-0.004037901500789579
2023-12-07,444.1566467285156,444.80605282503006,442.27622650644105,442.87718005735604,66995400,0.0076015169239737335
2023-12-08,446.06610107421875,446.5991973452758,443.1679114532356,443.4102333183171,83194400,0.004289841567588054
2023-12-11,447.8011474609375,447.97564170163525,445.358553474564,445.5717979195869,65002200,0.0038821168772227477
2023-12-12,449.84637451171875,449.94330918636626,446.45386796122364,447.45223299144266,68327600,0.004556867901530177
2023-12-13,456.04974365234375,456.30176785417245,449.8656850098202,450.2243166322346,93278000,0.01369575601814699
2023-12-14,457.5133972167969,459.1805728813377,454.83815428105993,457.9883386207796,119026000,0.0032042772990731145
2023-12-15,456.7601318359375,458.09346468799856,454.911024624647,456.9158501916579,141553700,-0.0016477903545550365
2023-12-18,459.3294372558594,460.31239637628556,457.3051580447496,458.3659614924249,70375300,0.00560930337684178
2023-12-19,462.1225891113281,462.2004631426164,459.7966147557437,459.8744590867912,55761800,0.00606251943786412
2023-12-20,455.7187805175781,463.1541458673366,455.2905624937439,461.26610177140515,102921000,-0.013954290401301904
2023-12-21,460.0399169921875,460.3124166999498,456.2832820563495,458.7065840896728,86667500,0.009437351908635478
2023-12-22,460.96441650390625,462.6480933014032,459.06666039020405,461.1687838422537,67160400,0.002007590602140835
2023-12-26,462.910888671875,463.81597380070593,461.2953440901739,461.3732181207506,55387000,0.004213718100482234
2023-12-27,463.7478332519531,463.8938099220547,462.1712258143802,462.7064835048319,68000300,0.0018063711868336622
2023-12-28,463.9230041503906,464.75995685713684,463.5045277970175,464.1079178321579,77158100,0.0003776574480017819
2023-12-29,462.5799560546875,464.25389115635505,460.62377959337147,463.7283454487912,122283100,-0.00289917915885732
2024-01-02,459.9911804199219,460.9838811377681,457.8890273530107,459.51431341639926,123623700,-0.005612103667722635
2024-01-03,456.23455810546875,458.5702737454352,455.631168116003,457.83061907435547,103585900,-0.008200257223516316
2024-01-04,454.7649841308594,458.346416709132,454.5411334571291,455.75765509650716,84232200,-0.003226291959993042
2024-01-05,455.3879089355469,457.84040614563645,453.93779478135224,454.96940287212124,86118900,0.001368835734519112
2024-01-08,461.8890075683594,462.0349842457667,455.7577198150965,455.884242835596,74879100,0.014175016009974482
2024-01-09,461.1883239746094,462.21019049238487,458.7260848325078,459.23214725174796,65931400,-0.0015181474062526633
2024-01-10,463.7965087890625,464.66268658164086,461.1785514545196,461.4607928330298,67310600,0.0056394259331273115
2024-01-11,463.5921630859375,465.31474737264404,459.61170706620095,464.79894328451786,77940700,-0.000440690538129971
2024-01-12,463.91326904296875,465.7818595429952,462.502121615046,465.04220480544996,58026400,0.000692407739592809
2024-01-16,462.21014404296875,463.8451421871986,460.39023221216354,462.53132242501596,85014900,-0.003677969687080206
2024-01-17,459.64080810546875,460.12741675671,457.285609165358,459.18339478529265,68843900,-0.005574312386576108
2024-01-18,463.7283630371094,464.28310409945385,459.7673906749951,461.314802822399,91856200,0.008853623794610105
2024-01-19,469.50927734375,469.79151871434675,463.7770421286305,464.8572992191645,110834500,0.01238910219423396
2024-01-22,470.501953125,472.2245371914283,469.8498844138423,471.0469524804882,75844900,0.0021120516821113732
2024-01-23,471.87420654296875,472.1175109095896,469.9569966462272,471.04699545665005,49945300,0.0029123283177436114
2024-01-24,472.3900146484375,475.6794645582401,471.8936642634199,474.745184157241,81765000,0.0010925081035528593
2024-01-25,474.9593505859375,475.2318503066767,472.3900717475741,474.52139081678,72525000,0.005424276051759932
2024-01-26,474.35589599609375,476.02008943226616,473.5092016110277,474.53106799985125,76641600,-0.0012713472648794803
2024-01-29,478.11248779296875,478.258494159002,474.12232032676826,474.66731967923187,61322800,0.007888159522517842
2024-01-30,477.7427062988281,478.4531359964777,476.983568210537,477.421527922976,58618400,-0.0007737186864150012
2024-01-31,469.9472351074219,475.98116532447904,469.9277517507619,475.5334936248827,126011100,-0.01645189355712125
2024-02-01,476.09796142578125,476.1271567596163,470.8425637335658,471.65035080339914,91891600,0.013003211698955009
2024-02-02,481.11004638671875,482.7644982110768,476.1952805049677,476.53591254829524,99228200,0.01047239623295688
2024-02-05,479.35821533203125,481.13921979443177,477.10037355108614,480.47743909484853,75757100,-0.003647872745286307
2024-02-06,480.75,481.0808903919301,478.87166761898953,480.30229855776366,55918600,0.0028992266093176363
2024-02-07,484.7596130371094,485.17808940845316,482.0929770540646,482.9980918458816,70556500,0.008305740374435206
2024-02-08,484.9737548828125,485.35329426615607,483.9421467021212,484.7596458434101,52343600,0.00044165098627719774
2024-02-09,487.7765808105469,488.2145108276318,485.13914022884614,485.47977226451565,63979400,0.0057626989812330455
2024-02-12,487.5625,490.01499733828587,486.84229887428285,487.7474136957695,56502300,-0.0004389874623027481
2024-02-13,480.8472900390625,483.77668422244784,477.57729349036913,481.285249794803,113099200,-0.013868751977862387
2024-02-14,485.2170104980469,485.703619202311,481.1586808363787,483.48468469887587,68387800,0.009046499819321608
2024-02-15,488.56488037109375,488.74979405458623,485.4408311080291,485.91772783399097,61683000,0.006876042972305404
2024-02-16,486.1318359375,489.4018321652925,485.39218120492103,488.26318443249403,75532900,-0.004992423687029854
2024-02-20,483.4555358886719,485.06133882722617,481.20740583464766,484.3898163747004,71736700,-0.005520506812486622
2024-02-21,483.8934326171875,484.0491509708409,480.3411949189208,482.15139479243277,59293400,0.0009053542675560363
2024-02-22,493.9078369140625,494.87131264849836,489.54781221335594,490.51131764803023,76402500,0.020484232900890464
2024-02-23,494.2484436035156,496.4673780025352,493.51853058146656,495.6303956264625,61321800,0.0006893782079976217
2024-02-26,492.43829345703125,495.12438315275733,492.3117704350963,494.6864234153272,50386700,-0.0036691527498711567
2024-02-27,493.35308837890625,493.57693907250416,491.23148157958644,493.1292673855463,48854500,0.001855961010254503
2024-02-28,492.7010803222656,493.2849870375032,491.4358798053579,491.7959655131677,56506600,-0.0013224590947657554
2024-02-29,494.4722900390625,496.0878345083775,491.815425510208,494.46257806109645,83924800,0.0035884509664211813
2024-03-01,499.11456298828125,499.54278105732834,494.93948136543304,495.3482457768837,76844800,0.009344541376475108
2024-03-04,498.57928466796875,500.4284215717115,498.2873313148722,498.3165563504212,49799300,-0.0010730313170312933
2024-03-05,493.5964050292969,497.0221493633574,491.38721217314117,496.5744479650044,72855600,-0.010044433831981375
2024-03-06,496.0975646972656,498.3554361707815,494.8031986362925,496.8761267293977,68382400,0.005054421001380554
2024-03-07,501.02203369140625,502.0731250869525,496.15594682375195,499.39677730974256,58652100,0.009877469141656981
2024-03-08,498.0148010253906,504.34068432238394,497.4406063327474,501.6546542384204,86532500,-0.006020282024248852
2024-03-11,497.5865783691406,498.1705147342669,494.881035254285,496.80801634913047,62557200,-0.0008602291871416936
2024-03-12,502.9393005371094,503.5232071984046,497.17781094345105,499.6984700657358,73114400,0.010699919611046112
2024-03-13,502.1509704589844,503.43562459877114,500.7106276661075,503.2604525888654,55104100,-0.001568675496182379
2024-03-14,501.1583251953125,503.27993205507374,498.1121499011311,503.12418400270946,110171800,-0.001978742929736523
2024-03-15,497.717041015625,499.5426370968139,496.0476768950372,498.0880174407595,107646300,-0.0068903447040481345
2024-03-18,500.6750793457031,503.23282668542583,500.26507469946,501.78800868482955,88893300,0.005925621657485119
2024-03-19,503.4574279785156,503.7405165081089,498.976454143322,499.9820112945357,60755300,0.005541809937219059
2024-03-20,508.1139831542969,508.25067121798276,502.8423166074447,503.515925395574,69594600,0.009206642291717965
2024-03-21,509.793212890625,511.6578075346775,509.5100647824686,510.9549424076125,60256100,0.0032993798770276856
2024-03-22,508.82672119140625,510.19342318455074,508.59237324097523,509.7053025616341,79070800,-0.0018976498631431478
2024-03-25,507.4208984375,508.57285588251494,507.26466648069925,507.4501546887545,48512100,-0.002766695091833191
2024-03-26,506.48370361328125,509.1879108526766,506.0834709315648,508.84619067556724,65463700,-0.0018486849536712363
2024-03-27,510.7401123046875,510.7792000886694,507.1475516955064,509.31483823022427,82999800,0.00836872567558465
2024-03-28,510.64251708984375,512.1459071621757,510.359428578344,510.7792051650659,96294900,-0.00019110412167204504
2024-04-01,509.7541198730469,511.92140649600015,508.59239036798215,511.38448570971826,62477500,-0.0017412786539815906
2024-04-02,506.5130310058594,506.6496594947848,504.20905639561914,505.92725051103764,74230300,-0.006378440654871345
2024-04-03,507.0693359375,508.5727852840962,505.37068604954965,505.41948618488817,59155800,0.001097700602622122
2024-04-04,500.88006591796875,511.42345867223884,500.5774335376575,511.08179809560863,96858100,-0.012281068472575042
2024-04-05,506.1126708984375,508.0749250607822,501.7977018812348,502.23702229721215,74546500,0.010392631218631796
2024-04-08,506.3957824707031,507.8211160052217,505.5855452146359,506.815618601476,48401800,0.0005592280809148935
2024-04-09,506.9815673828125,508.3775850942212,502.12961782362083,508.13352480372953,68049200,0.0011561043424536386
2024-04-10,501.9051513671875,503.89666208515973,499.92341259541246,501.2803426609476,82652800,-0.010063486342951697
2024-04-11,505.6929931640625,507.13781122017554,499.9136613545702,503.4281061989144,70099000,0.007518591932832541
2024-04-12,498.7128601074219,503.5647804243456,496.98489398756476,502.1492186619509,92561100,-0.013899252791926057
2024-04-15,492.46490478515625,503.05709839116423,491.61554988176164,502.8911540643935,92101400,-0.01260730072771746
2024-04-16,491.5667419433594,494.4661795680653,490.27809637848605,492.94324564322153,73484000,-0.0018254760285401276
2024-04-17,488.65753173828125,494.1928325755386,487.26151394107353,494.0268584590965,75910300,-0.0059358226991669824
2024-04-18,487.6520080566406,492.15249561510325,486.71482481856754,490.0535829309475,74548100,-0.0020598467928227377
2024-04-19,483.3955993652344,488.569665842459,482.12646792132756,487.5739105371773,102212600,-0.008766688511050677
2024-04-22,487.8472900390625,490.44409539983275,483.65920663681294,486.00217973304706,67961000,0.009167061910419926
2024-04-23,493.6363525390625,494.0659010467374,487.6617612136965,489.85830389464087,64633600,0.0117966910164524
2024-04-24,493.40203857421875,495.3154628683887,491.1762099647718,494.524709927698,55928100,-0.00047478187546691356
2024-04-25,491.5276794433594,492.28914639879576,485.6702321576898,487.3200821932215,69122400,-0.0038060815087098067
2024-04-26,496.1843566894531,497.765862650216,493.68518162682494,494.3197324417275,64306100,0.009429290275657226
2024-04-29,497.9416198730469,498.61522873285696,495.1983842873063,497.97090591945084,46415400,0.003535296441817665
2024-04-30,490.0535583496094,497.45345338662946,490.0535583496094,496.47721220645434,77483600,-0.015968153096321675
2024-05-01,488.46234130859375,496.11606953951656,487.9937347584278,489.46786865773555,80242800,-0.0032523098381237957
2024-05-02,493.03106689453125,493.8706497758126,487.6812546661218,492.17196991555153,62550200,0.009309810022769899
2024-05-03,499.1423645019531,500.37240813782097,496.4772153379588,499.0154483809272,72756700,0.012319166593925871
2024-05-06,504.2969665527344,504.3359947534281,501.1046384911043,501.54395898532556,47264700,0.010273959236030143
2024-05-07,504.85345458984375,506.2494725384783,504.17984569021877,505.2634592637331,52561300,0.0011028843309335956
2024-05-08,504.9021911621094,505.439111907815,502.90090860900597,503.01805278679507,42047200,9.653141828624296e-05
2024-05-09,507.8113708496094,507.8504586322259,504.4336144152066,505.0876793386549,43643700,0.005745331748304115
2024-05-10,508.46551513671875,510.22273745681827,507.2452135831723,509.4124405414531,52233200,0.0012873349506783353
2024-05-13,508.5338439941406,510.25203826517287,507.3916583240956,510.14466601949385,36716400,0.00013437345247308962
2024-05-14,510.86700439453125,511.38444082765227,508.19211305924,508.72903379839863,57535900,0.004577521154913071
2024-05-15,517.1931762695312,517.4860367605042,512.7024302627835,513.3370109807618,59504900,0.012307162253547733
2024-05-16,516.1289672851562,518.8917465910545,515.9825072697596,517.2906967075278,50244800,-0.002059782357850715
2024-05-17,516.8709106445312,516.9392546781255,514.7915121402848,516.2461019816988,59187600,0.0014364832035496022
2024-05-20,517.4663696289062,518.9307313200704,516.5975007250751,516.988021010064,37764200,0.001151382748188333
2024-05-21,518.735595703125,518.8918276886369,516.5000244352296,516.7050565718225,33437000,0.002449767036619519
2024-05-22,517.2418212890625,518.7549830261315,515.0647631915122,518.0423461143242,48390000,-0.002883799250416274
2024-05-23,513.4638671875,520.4049281460258,512.2532779910508,520.2975559093766,57211200,-0.0073308434466247295
2024-05-24,516.8612060546875,517.6715030328614,514.3620306627067,515.3089561408403,41291100,0.006594717081072719
2024-05-28,517.2222900390625,517.9056707197677,514.5864271763583,517.6713823915322,36269600,0.0006983652682099977
2024-05-29,513.6005249023438,514.7817983278129,512.8878878194378,513.1905202395113,45190300,-0.007026969111003327
2024-05-30,510.1933288574219,512.7218194340663,508.94377127799896,512.0579826598375,46377600,-0.006656044303182343
2024-05-31,514.8402709960938,514.967187107586,506.04432903435765,511.15011057316815,90785800,0.009066969072410105
2024-06-03,515.2601318359375,516.7342656913833,510.18366530067414,516.4511771729021,46835700,0.0008151843489045567
2024-06-04,515.8361206054688,516.5780734778808,512.4876203186922,513.9519821715993,34632700,0.0011172358120410402
2024-06-05,521.9669189453125,521.9864628385163,516.1680432425981,518.1596136281009,47610400,0.011815092894935732
2024-06-06,521.9570922851562,522.6990451286446,520.0241537818829,522.2694966184689,30808500,-1.8826389757929994e-05
2024-06-07,521.3225708007812,524.1341502130953,519.8874652579173,520.9808506310355,43224500,-0.0012163978366757158
2024-06-10,522.933349609375,523.255525898201,519.916797584573,520.5122904328304,35686100,0.0030850293585066657
2024-06-11,524.1927490234375,524.2513211148034,519.4091430834137,521.3811694677967,36383400,0.0024054409931384382
2024-06-12,528.4979858398438,531.1924214122917,527.4631724257194,528.7615900630306,63251300,0.008179535883078883
2024-06-13,529.5620727539062,530.4211698122318,526.7700371068663,530.2454535391702,44760900,0.002011392952919653
2024-06-14,529.88427734375,529.9135335983043,527.0238379218912,528.0293950539849,40089900,0.0006082509034041797
2024-06-17,534.1015014648438,535.49757872361,528.7419471638832,529.2008114818414,55839500,0.00792726047617393
2024-06-18,535.4585571289062,535.585473259027,533.7403629842298,534.16013957423,41376400,0.002537597363284805
2024-06-20,534.00390625,537.0497738552268,532.2271402161125,536.3859370269113,70328200,-0.0027203419021860215
2024-06-21,533.2880249023438,534.4045446160707,531.828742363983,533.1803062748603,64338600,-0.0013414913654254286
2024-06-24,531.5545043945312,535.6777608035513,531.4369822915095,533.1117619254674,45528700,-0.003255921869277183
2024-06-25,533.6015014648438,533.9638712753774,531.2607431275164,532.7787868983022,37936200,0.003843567663473732
2024-06-26,534.2673950195312,534.9823310545671,531.8385253727439,532.4848968900385,38550600,0.0012471449317215516
2024-06-27,535.1096801757812,535.6875469780335,533.3859430174333,534.1302894973802,35041500,0.0015752821899136106
2024-06-28,533.0039672851562,538.9391321933387,531.7601817698417,535.8833782760337,76144500,-0.003942868108871373
2024-07-01,534.1009521484375,534.6298016081159,531.3390631933655,534.3849539324244,40297800,0.002056002609921091
2024-07-02,537.6953735351562,537.6953735351562,532.4458529900177,532.4948105764632,40434800,0.006707309543914163
2024-07-03,540.0947875976562,540.457157354787,537.3427022712717,537.3818563773293,32789900,0.004452477138813864
2024-07-05,543.209228515625,543.6107523683424,539.7617544001083,540.3983822148235,41488400,0.005749908524845502
2024-07-08,543.8361206054688,544.786100933334,542.7685583933277,543.9927968223914,36110500,0.0011533873169999632
2024-07-09,544.3648681640625,545.6968249789537,544.0710629515506,544.7958024014986,27289700,0.0009717829806467023
2024-07-10,549.7516479492188,550.0944108163902,545.2954317896393,545.5892370725392,38701200,0.009846891499223055
2024-07-11,545.0113525390625,550.7408243676441,544.3747844096212,549.869152242232,53054200,-0.008660002271046232
2024-07-12,548.448974609375,552.0531251206323,545.667538567234,546.1376269625789,53084400,0.006287623446889073
2024-07-15,549.9572143554688,553.1989947445371,548.0963483653211,550.4469096394806,40584300,0.0027462348795018326
2024-07-16,553.2185668945312,553.5123721227574,550.5154392403327,551.2695891404957,36475300,0.005912678823870346
2024-07-17,545.4618530273438,548.9582849622979,545.1386373621594,547.2835053633577,57119000,-0.014120289404583713
2024-07-18,541.27001953125,547.9886849352189,539.0859974733345,546.9994907975359,56270400,-0.007714606319595706
2024-07-19,537.67578125,542.6609070533489,536.6180223784818,541.0350847426649,65509100,-0.006662524797993384
2024-07-22,543.2191162109375,543.8263337080781,539.6639229224022,541.6030975244146,43346700,0.010257026050330971
2024-07-23,542.366943359375,545.2659012148495,541.8772480700306,543.1112299862826,34439600,-0.0015699778365581333
2024-07-24,530.0755615234375,537.8519253696913,529.1549319575545,537.5483166712224,74515300,-0.022923224338727746
2024-07-25,527.313720703125,536.177254363603,526.3735438881854,530.1931317534066,61158300,-0.0052238984211691085
2024-07-26,533.219482421875,535.9128068838628,530.3302678617441,531.1040247828195,53763800,0.011137459437553917
2024-07-29,533.5328979492188,535.7756811771844,531.5349026238763,534.7669398202207,39515800,0.0005876069125860719
2024-07-30,530.829833984375,536.05980735921,527.421572998221,535.0020485169553,46853600,-0.005079226648964054
2024-07-31,539.4581909179688,542.0927543010554,536.2947780748914,537.6658891932146,65663400,0.016123779137359535
2024-08-01,531.8189697265625,543.4345294348678,528.3127341764186,541.1819427118934,76428700,-0.014262136750138165
2024-08-02,521.9173583984375,525.9230331199286,517.7059303208597,524.7085981454201,82789100,-0.018793890858791885
2024-08-05,506.7171936035156,512.7894282399624,499.75370979338373,501.0955002341847,146267400,-0.029556213687220098
2024-08-06,511.3888854980469,518.8322310175004,507.19706454680966,508.51921810050686,84826300,0.009177284722812698
2024-08-07,507.9707336425781,520.6343074860769,507.3733196862517,517.5785536304185,70698300,-0.006706494161259906
2024-08-08,519.7136840820312,520.3404486814812,511.08525465156777,513.1125407389065,63276600,0.022854217421822778
2024-08-09,522.00537109375,523.4940638910218,517.6666780356554,518.8909162499233,45619600,0.004399824880407066
2024-08-12,522.2797241210938,524.6889871074426,520.0075304089534,523.2003538167259,42542100,0.0005254370380520798
2024-08-13,530.8689575195312,531.1040615199245,525.2277168327499,525.4725645280489,52333100,0.016311892133958793
2024-08-14,532.5436401367188,533.7287242856177,528.9884474672805,531.6621646835201,42446900,0.0031496410806414253
2024-08-15,541.671630859375,541.9556326474029,537.5679813653051,538.1751988274788,60846800,0.016995123183211065
2024-08-16,542.8860473632812,543.5814362683599,539.8989177341498,540.0555939415091,44430700,0.002239469667383563
2024-08-19,548.0768432617188,548.0768432617188,542.4453464492109,543.2974116195307,39121800,0.009516061662984574
2024-08-20,547.1856079101562,549.2815184001456,545.8438474042439,547.6263456901657,33732300,-0.0016274374188868961
2024-08-21,549.0659790039062,550.5252615016209,543.2973537542563,548.2335208659752,41514600,0.003430549994761013
2024-08-22,544.7566528320312,551.5732334533072,543.5422179587766,550.9660160166799,56121500,-0.007879428239905761
2024-08-23,550.544921875,551.4851585059275,545.8046443878154,547.9985298599797,50639400,0.010569368402715641
2024-08-26,549.2324829101562,552.2881770773529,547.528352675827,551.5732410031779,35788600,-0.002386736774478714
2024-08-27,549.9866333007812,550.476328645617,546.8134170306081,547.9592873998898,32693900,0.0013721568299351415
2024-08-28,546.7938232421875,550.0748179978751,543.6009999526875,549.6438836929623,41066000,-0.005822166247760253
2024-08-29,546.8427734375,552.0629426061665,545.6969030561269,548.7624007293272,38715200,8.951821015109205e-05
2024-08-30,552.0628662109375,552.5721684331874,545.6576734390724,549.2128659703031,62700100,0.009500601051541012
2024-09-03,540.7020874023438,549.25214992284,538.1850458833093,548.9191307501956,60600100,-0.020793470919655384
2024-09-04,539.5953979492188,543.0036589607188,538.136115154692,538.860854815549,47224900,-0.002048861272515586
2024-09-05,538.2828979492188,542.3865472945482,535.8246177750381,539.5365467142444,44264300,-0.0024353410838402656
2024-09-06,529.2235107421875,540.231851947678,528.3224880929642,538.60608979078,68493800,-0.016973396375202843
2024-09-09,535.1487426757812,536.4219981615558,531.4956351994124,533.4250655897573,40445800,0.011133873743210173
2024-09-10,537.4798583984375,537.8324845189911,532.1813804449696,537.0587275255268,36394600,0.004346554604973292
2024-09-11,542.9937744140625,543.9144040618945,528.8318231688719,537.3916883108078,75248600,0.010206568148133614
2024-09-12,547.5675048828125,547.8711135710835,541.3483388424467,543.5715745845557,51819600,0.008387895979130387
2024-09-13,550.4273071289062,551.4263046450518,547.920069645679,548.1747207597754,39310500,0.005209147951495396
2024-09-16,551.2403564453125,551.5047513186543,548.3609450381223,550.1629906749666,36656100,0.0014760339999137799
2024-09-17,551.465576171875,554.9032473896473,549.2325364902464,553.4537083801224,49321000,0.0004084855681508638
2024-09-18,549.8300170898438,556.969754476821,549.2717571625421,552.1217580784818,59044900,-0.0029702475783927105
2024-09-19,559.2124633789062,561.0733295553275,556.3722663136862,559.2418737919741,75315500,0.016920307923775156
2024-09-20,558.2459106445312,559.2872468563713,555.2201175162944,557.843155111916,77503100,-0.0017299131634532041
2024-09-23,559.6408081054688,560.2892222272916,558.0984411315784,559.3166610051752,44116900,0.0024955984564345216
2024-09-24,561.2420654296875,561.3010067117204,557.6071931426925,560.4364946014963,46805700,0.0028571377996975157
2024-09-25,560.0042724609375,561.8217386948093,558.8941616149112,561.0849426444706,38428600,-0.0022078885428664426
2024-09-26,562.2244873046875,564.5920921622151,559.866775948692,564.2678851150425,48336000,0.003956800645357593
2024-09-27,561.4091186523438,564.1107043094071,560.3776161208616,563.295359810012,42100900,-0.0014513072431050762
2024-09-30,563.6588134765625,564.2678934162012,558.078818569817,560.3775886747461,63557400,0.003999221306372743
2024-10-01,558.6092529296875,563.9534823374194,556.0353836889657,563.3051282373419,72668800,-0.008998909929383531
2024-10-02,558.8451538085938,559.8668828892402,555.3183896615599,557.7154356390834,38097800,0.0004222111989323928
2024-10-03,557.8234252929688,559.7685478192003,555.5344286086627,557.3715020969081,40846500,-0.0018299588971565878
2024-10-04,562.8925170898438,563.2658318866675,558.0984259775333,562.2736036088263,42939100,0.00904622870774709
2024-10-07,557.8037719726562,561.8905680396737,556.6543868115797,561.2421538745174,49964700,-0.009081461481495611
2024-10-08,563.0792236328125,563.67853004462,559.5033520489247,560.377637870892,37398700,0.009413097770271649
2024-10-09,566.9793701171875,567.5393423690588,562.4701514366566,563.0693978961492,37912200,0.006902583620627523
2024-10-10,565.9871215820312,567.4116060358193,564.3759797176003,565.6334738441669,44138100,-0.0017515942371071475
2024-10-11,569.3763427734375,570.1131388058892,565.7709110163313,565.9084606662699,42268000,0.005970301784518169
2024-10-14,574.0328979492188,574.9661849382893,570.5060744728205,570.9874382986001,36217200,0.008145081837390078
2024-10-15,569.5728759765625,574.6027324678581,568.3546560789198,574.2981924836022,54203600,-0.0077999686368360405
2024-10-16,572.0485229492188,572.5692210133667,568.7673576490918,569.5729286407808,30725400,0.004337078571955299
2024-10-17,572.0975341796875,575.8011814159861,571.9108767867559,575.5948569414992,34393700,8.567303132898711e-05
2024-10-18,574.298095703125,575.0839994048337,572.3234729286785,573.7872313147403,37416800,0.003839100863365285
2024-10-21,573.3550415039062,574.5535342943244,570.378356688641,573.5711395635755,36439000,-0.0016434484965963396
2024-10-22,573.0505981445312,574.2098169269701,570.162354750785,570.8205425423761,34183800,-0.0005311267774732854
2024-10-23,567.8143920898438,571.4689321263772,564.3072352656649,571.0268424499369,49314600,-0.009179425904313615
2024-10-24,569.0422973632812,569.84786821387,566.419320298971,569.7692598487698,34979900,0.0021601768495831163
2024-10-25,568.8458251953125,574.1704478252901,567.9027646254573,571.2723713678375,47268200,-0.0003453277453665066
2024-10-28,570.6044311523438,572.451338311336,570.2998911399899,572.3236221809337,30174700,0.00308676459298557
2024-10-29,571.5277709960938,572.6476553589258,568.2465463889694,569.6415300427301,42899700,0.0016168706970491015
2024-10-30,569.798828125,573.0505525749719,569.0914726763393,571.0562623128328,41435800,-0.0030297098042621298
2024-10-31,558.6290283203125,565.4959588071013,558.4325373559277,565.4271839715354,60182500,-0.019797747056354575
2024-11-01,560.9866943359375,565.4173043933644,560.5741053167588,561.2617936558026,45667500,0.004211569117516647
2024-11-04,559.7783203125,562.4209644478059,557.892139281839,561.1241962515347,38217000,-0.0021563387077012815
2024-11-05,566.5470581054688,566.586332309216,560.4758658123077,560.6919638738422,39478300,0.012019296392962288
2024-11-06,580.6346435546875,581.5089893813079,575.0841485043231,578.8270705681771,68182000,0.024561573185624373
2024-11-07,585.1242065429688,586.1459356042433,582.5601702684252,582.6387786486675,47233200,0.007702425221204237
2024-11-08,587.6587524414062,589.0832369047557,585.6742957423695,585.6742957423695,46444900,0.004322282865576509
2024-11-11,588.2186889648438,589.6038391769904,586.4896646144927,589.2501914582232,37586800,0.0009523723239223555
2024-11-12,586.3914794921875,588.7393574916656,583.9059918696842,588.1401110548398,43006100,-0.0031111784923821034
2024-11-13,586.6763305664062,588.6803942959151,584.4856094336134,586.8531544283672,47388600,0.00048565151541094567
2024-11-14,582.9039306640625,587.2854330583992,582.2163022724781,586.804069200042,38904100,-0.006450883465471252
2024-11-15,575.437744140625,579.8094129170865,573.5810036102117,579.3378226480269,75988800,-0.012891343001767624
2024-11-18,577.7955322265625,579.1119076957027,575.0350052053479,575.8994574754852,37001700,0.004089010297291547
2024-11-19,579.9076538085938,580.6346163861505,573.7480790226593,574.4161003090796,49412000,0.0036488176777682395
2024-11-20,580.1040649414062,580.3889378159292,574.3374129030207,579.9861823753545,50032600,0.0003386364663645973
2024-11-21,583.21826171875,584.6427460672937,577.1077952881657,582.953055915256,46750300,0.0053539834060511
2024-11-22,585.0259399414062,585.654687007179,582.7075025920674,583.2084735757152,38226400,0.003094694863942919
2024-11-25,587.0104370117188,590.2817687658602,584.7214401695627,588.9653932145126,42441400,0.0033864118995236623
2024-11-26,590.0753784179688,590.7433995936517,587.540783398016,588.2579123147351,45621300,0.0052076888411089406
2024-11-27,588.2874145507812,590.2718110026187,586.7647148108081,589.8887226529953,34000200,-0.003034660038475973
2024-11-29,591.9419555664062,592.7278593888155,588.8277809402925,589.1028202958577,30177400,0.00619295331613714
2024-12-02,593.0029907226562,593.6808455477146,591.8633791521069,592.3545765627109,31746000,0.0017908603149040228
2024-12-03,593.2779541015625,593.5235527754064,591.735647195163,592.7671496331845,26906600,0.0004635721159141501
2024-12-04,596.9619750976562,597.2075737883222,594.2997236656325,594.9677449089698,42787600,0.0061904035822566775
2024-12-05,595.9796752929688,597.7676412411694,595.626027512611,596.9620702121586,28762200,-0.001646853433905928
2024-12-06,597.109375,598.3472020292826,596.333304701608,596.7458937244957,31241500,0.0018937396908794847
2024-12-09,594.034423828125,597.1584317989794,593.445010988573,596.9914414878755,34742700,-0.005163034061252135
2024-12-10,592.1875610351562,595.134745373381,591.529373321926,594.7123228135097,37234500,-0.003113859477937577
2024-12-11,596.7655029296875,597.7183970026139,594.8399877419274,595.1150870375847,28677700,0.007700833038749144
2024-12-12,593.690673828125,596.4708079758578,593.690673828125,595.9010621562538,31543800,-0.005165811223291085
2024-12-13,593.5728149414062,596.4413911194437,592.197438164754,595.7242620650901,35904700,-0.00019853872071488776
2024-12-16,596.1073608398438,597.0799821268581,594.5552201188243,595.331290479334,43695200,0.004260892607329823
2024-12-17,593.6513061523438,594.5158183353977,592.2759894688432,593.5530906608857,55773500,-0.00412866616472758
2024-12-18,575.9584350585938,595.7339866328443,575.5752867073982,593.3467745348553,108248700,-0.03025662357994095
2024-12-19,575.781494140625,582.5600413718613,575.5358954722558,580.948899716812,85919500,-0.0003072584615240992
2024-12-20,582.6973266601562,587.2315284125533,572.6036951737447,573.451443984787,125716700,0.011939648015103879
2024-12-23,586.1866455078125,586.7879087972127,579.2571372355378,582.4409930028329,57635800,0.0059703602676112535
2024-12-24,592.7020874023438,592.7415539521577,586.9554328723399,587.5370230202848,33160100,0.011053644083991754
2024-12-26,592.7415771484375,593.8652307760627,589.5281816588665,590.9278604962976,41219100,6.66244163079086e-05
2024-12-27,586.5020141601562,589.2324254266508,582.31278453499,588.9958066290322,64969300,-0.010582412766219719
2024-12-30,579.8091430664062,583.278830614674,576.0536238226567,579.4839049805771,56578800,-0.011477116582275737
2024-12-31,577.6997680664062,582.194563069081,576.0634704063194,581.4749602926895,57052700,-0.0036446843989559954
2025-01-02,576.2803344726562,582.6775253068124,572.1995172748154,580.9624149327,50204000,-0.002460067216906564
2025-01-03,583.4857788085938,584.1264484268344,578.044689478734,579.1289967873591,37888500,0.012425845115167358
2025-01-06,586.8470458984375,591.1250155334773,585.1122021784661,587.7440676720806,47679400,0.005744137498316307
2025-01-07,580.2133178710938,589.2029082453815,578.3897946667151,588.8776099950986,60393100,-0.011368391350712789
2025-01-08,581.0609130859375,582.1353537217743,576.832277161694,580.2822309005052,47304700,0.0014597678011996312
2025-01-10,572.1896362304688,577.5715860296085,570.2773736421228,577.5025797313914,73105000,-0.01538512484993103
2025-01-13,573.0767822265625,573.4316201868376,567.123109023982,567.5371468067242,47910100,0.0015492398261862396
2025-01-14,573.8653564453125,576.6351742776535,570.0802375478183,576.0043111010004,48420600,0.0013750900179164917
2025-01-15,584.3040161132812,585.4474030923216,580.7751887912287,581.8890360172194,56900200,0.01802662476142769
2025-01-16,583.1802368164062,585.8514484014332,582.4803673486446,585.6740294157521,43319700,-0.0019251302809906758
2025-01-17,589.0353393554688,590.7898562052613,587.0934767089387,588.4242094250709,58070600,0.009989888126204568
2025-01-21,594.4270629882812,594.4369296257112,590.1096871636119,592.0810894520482,42532900,0.00911184153609896
2025-01-22,597.7686157226562,599.1288881406504,596.7040416210903,597.2560318658977,48196000,0.0056057265506004325
2025-01-23,601.0313720703125,601.0313720703125,596.8618747927997,597.1378398743527,41152100,0.0054433841129167574
2025-01-24,599.2767333984375,602.0466115435261,598.1234798327728,601.0904500891409,34604700,-0.002923649209278595
2025-01-27,590.7996826171875,591.115114198888,586.1373355152499,586.3048878621954,70361100,-0.014246470299252998
2025-01-28,595.8760986328125,596.7139205737208,588.7100317776161,592.0318399526346,44433300,0.008555743805095151
2025-01-29,593.204833984375,595.4916679771449,590.6518414168764,595.0874967960807,37177400,-0.0044929980271374926
2025-01-30,596.3886108398438,597.9263022497843,592.130374590218,595.3240968992558,39281300,0.0053527269690866785
2025-01-31,593.2146606445312,601.2382822731704,592.4556515232641,598.8134358374799,66566900,-0.005336161731915576
2025-02-03,589.2225952148438,591.7065212004032,582.0466619706364,584.1954832564219,65857200,-0.006752291637566292
2025-02-04,593.1752319335938,593.6877555909119,588.7395770202528,589.2817005882882,33457800,0.006685823251079387
2025-02-05,595.580322265625,595.7282015036632,590.021013481686,592.0515554519985,30653100,0.004046405680562023
2025-02-06,597.6503295898438,597.778475552574,594.013089933138,597.3250313642651,35771500,0.003469588042460968
2025-02-07,592.1796875,599.4344333824486,591.4699514014874,598.2121736064561,50788500,-0.009195734788507786
2025-02-10,596.2012939453125,596.8420237335293,594.1214790365186,595.3930719758379,26048700,0.006768236550817022
2025-02-11,596.65478515625,597.1969087784863,593.8159609148958,593.93424024475,30056700,0.0007603452599696442
2025-02-12,594.7326049804688,595.9055917033094,589.9519786805068,590.6321148502618,45076100,-0.0032267956829822282
2025-02-13,601.0115966796875,601.2186155981716,594.5749988790903,595.8366651794477,40921300,0.010502328849638375
2025-02-14,600.9819946289062,602.2535274358258,600.360998100256,601.2185532755497,26910400,-4.925492282369204e-05
2025-02-18,602.746337890625,602.746337890625,599.6808220007749,602.1450746766837,26749000,0.002931466307709479
2025-02-19,604.165771484375,604.4614697835945,600.8439635712302,601.3565473981581,31011100,0.002352175004574067
2025-02-20,601.6522827148438,602.9336821985821,598.3403412349714,602.7956695963146,36554000,-0.004168941410624594
2025-02-21,591.361572265625,601.5734221193063,590.8982614234848,601.435409514207,76519800,-0.01725204722983592
2025-02-24,588.6707153320312,594.4075043153588,587.9609790870905,593.4119363420369,50737200,-0.004560657578500698
2025-02-25,585.7431030273438,589.3409366661995,581.1300283822392,588.6115273648803,58266500,-0.004985667442248649
2025-02-26,586.0386962890625,591.006668217937,583.3970246238699,587.4088352242034,43321600,0.0005045193024182174
2025-02-27,576.6844482421875,589.4690234968429,576.290203877955,588.3157098294636,74196700,-0.016090588569414192
2025-02-28,585.6838989257812,586.2161558854355,574.1117771132394,577.1871598716435,88744100,0.015484988958083439
2025-03-03,575.4227905273438,588.798762606637,571.6081318173137,587.6553155599406,74249200,-0.017675163929164895
2025-03-04,568.611572265625,577.0196322682823,564.0675042327628,571.4208567458912,109648200,-0.011907507261230079
2025-03-05,574.722900390625,576.5168836727693,564.8856223320056,568.4439889843314,71230500,0.010690461058066167
2025-03-06,564.52099609375,571.874289065213,561.9680033325571,567.2513477016495,80094900,-0.01791043523505815
2025-03-07,567.6849975585938,569.1340095542192,557.5421542389136,562.7368186254731,81158800,0.005589106079687923
2025-03-10,552.5643920898438,561.3962362827218,547.6457527585567,559.4741670846696,99326600,-0.026996709750957863
2025-03-11,547.970947265625,555.9551623983707,544.1267490127518,551.4012280579012,88102100,-0.008347703765828366
2025-03-12,550.8787841796875,555.0581473332891,545.7728595599632,554.1315858671662,69588200,0.0052925229326929195
2025-03-13,543.5353393554688,551.1153839968962,541.8202288918889,550.5042540653316,74079400,-0.013420066276045816
2025-03-14,554.7625122070312,555.7679467233177,543.604366956188,548.1583018697701,62660300,0.020445389974660638
2025-03-17,559.0404052734375,561.5637976935186,554.3089918436672,554.742702735982,49008700,0.00768163565547106
2025-03-18,552.9981079101562,556.9409127203818,551.0661118946721,556.7240271713574,66041400,-0.010867171874899478
2025-03-19,559.0206909179688,562.7860764826731,553.5993346617712,554.7821880592443,66556000,0.010831906618755681
2025-03-20,557.4041748046875,562.4115538615378,554.5554838320709,555.2750866351008,62958200,-0.0028958818324559083
2025-03-21,557.5880126953125,558.4877328401925,551.7054963570508,552.9413292589383,83763000,0.00032975637740223734
2025-03-24,567.5736083984375,568.6314886589248,563.7375780431137,564.3307537296456,58766800,0.017750086193809182
2025-03-25,568.93798828125,569.8771730865459,567.1880294433175,568.7797678649376,38355700,0.0024009971253177113
2025-03-26,562.1458129882812,569.7980806984394,560.7616559941828,568.6709866041082,51848300,-0.01201017454148931
2025-03-27,560.6529541015625,564.4296669577193,558.5371935416607,560.7517966033342,42164200,-0.0026591759987091047
2025-03-28,549.3623657226562,559.8521624781242,548.7790863172526,559.120558969836,71662700,-0.020343823330424816
2025-03-31,553.0501098632812,554.3551567474991,540.6719872727307,543.5984615291653,95328200,0.006690341369994916
2025-04-01,554.6121826171875,556.5598868781194,547.4048260096515,551.1321177898429,54609600,0.0028204874356634155
2025-04-02,558.1219482421875,560.9890444564371,548.52197624234,548.7592465118332,76014500,0.006308384306950964
2025-04-03,530.6173095703125,541.759539717793,530.6173095703125,538.931968079745,125986000,-0.05053641993379987
2025-04-04,499.5533447265625,519.9099817661254,499.3358369172059,517.7349036725598,217965100,-0.060326675171205664
2025-04-07,498.6635437011719,517.2405628900261,476.33944038650816,483.64569927250346,256611400,-0.0017827814203064058
2025-04-08,490.8531188964844,519.0300819148135,483.6160734043612,515.9454474877983,165816600,-0.015786671024523878
2025-04-09,542.4021606445312,542.4021606445312,487.46196103833506,487.84755542038147,241867300,0.09986278391659298
2025-04-10,518.6346435546875,527.4535310578508,503.5475844453038,526.1385878330984,162331200,-0.0448080471617409
2025-04-11,527.8884887695312,530.3502582115377,514.1756919605745,517.0823733080597,97866300,0.01768539294340638
2025-04-14,533.0098266601562,538.111379094838,527.8094317224818,537.8839447885014,68034000,0.009654794617408913
2025-04-15,531.5169067382812,537.0732068479572,530.7259857198238,533.5535570239268,56892900,-0.002804853751051725
2025-04-16,519.7022705078125,531.7936996877118,514.3931376127902,525.6540605978519,83484800,-0.022478915868915324
2025-04-17,520.44384765625,525.1499093262158,517.9721816819745,521.6599483491107,79868100,0.0014259098046638316
2025-04-21,508.0558776855469,515.7872559194974,502.69729269891565,515.2533374613439,69368100,-0.024090563717786426
2025-04-22,521.2743530273438,523.3011070538847,513.305704354498,514.2449494916972,75948100,0.02568505548438023
2025-04-23,529.3516845703125,539.2482437222484,527.8291602174767,534.3049123051696,90590700,0.015376528663946976
2025-04-24,540.4940185546875,541.2256220112762,529.3814182452572,530.6369834977514,64150400,0.020830549392469144
2025-04-25,544.3992919921875,544.804618673288,537.5280483044934,540.454522631326,61119600,0.007199399733574162
2025-04-28,544.6068115234375,547.2762226232229,538.8429303961163,545.1407299494361,47613800,0.0003811173015319327
2025-04-29,548.0375366210938,549.1547344204944,542.3329124899421,542.6888178923871,47775100,0.006279694536598783
2025-04-30,548.2550659179688,550.2126665027023,535.3826699025942,541.3640897959557,93101500,0.000396845329843556
2025-05-01,552.1404418945312,557.6770094036193,551.5373699314374,554.0189320097116,63186100,0.007061810223084447
2025-05-02,560.3365478515625,561.9381825044319,556.006184429092,558.3295262045715,60717300,0.014735143881568482
2025-05-05,557.1234130859375,560.2278400664005,555.3339293144951,556.194064255589,38659200,-0.0057507986563376245
2025-05-06,552.4667358398438,556.9651555946843,550.6476235760448,551.6066009560054,48264700,-0.008393557909377652
2025-05-07,554.7901611328125,557.4298834610689,549.738030089525,553.8014947566288,55588000,0.004196729249441555
2025-05-08,558.6558227539062,563.8463212534109,555.333918196641,558.8337754612519,65130800,0.006943627636358309
2025-05-09,557.9439697265625,561.068128702691,556.381860066797,560.0596697605964,37603400,-0.0012750371772895864
2025-05-12,576.382568359375,576.3924646775216,570.4999916854949,574.8797762427796,78993600,0.03251307674144899
2025-05-13,580.18896484375,582.403567726764,576.2342995973956,576.7977862928067,67947200,0.006582230528778774
2025-05-14,580.9304809570312,582.3046813078995,578.9036666864055,581.1479585868793,66283500,0.0012772436406420047
2025-05-15,583.7680053710938,584.2721745648568,578.4687074145315,578.9235156986,71268100,0.004872557252141818
2025-05-16,587.4655151367188,587.7621029517821,582.6012939394769,584.5489375445604,76052100,0.0063138938296915135
2025-05-19,588.108154296875,588.7903364922698,581.4346564328234,581.4346564328234,68168500,0.001093320207623707
2025-05-20,586.1307983398438,587.317209981726,582.917632829089,586.3681289429425,60614500,-0.0033678968350383067
2025-05-21,576.2540893554688,585.8639582409971,575.2258980125081,581.7708648204313,95197700,-0.01699427924742923
2025-05-22,576.4815063476562,579.971467292194,574.8204937262445,576.0563267018498,70860400,0.0003945692246958432
2025-05-23,572.5465087890625,575.215919785119,569.0762805285291,569.4519785383726,76029000,-0.006849289817504448
2025-05-27,584.4500732421875,584.6082332898518,571.8742072622273,579.4276318354167,72588500,0.0205773891836523
2025-05-28,581.0689086914062,586.051826179252,580.3373051792158,584.8555180607121,68445500,-0.005802005953185503
2025-05-29,583.362548828125,586.4768718669775,579.4276761926377,586.3384441000501,69973300,0.003939507281933468
2025-05-30,582.7100830078125,584.430352826958,576.6297607292682,582.2552747565533,90601200,-0.0011190827579547142
2025-06-02,585.992431640625,586.0714814983527,578.4291102147669,581.0985213264464,61630500,0.005617096261868067
2025-06-03,589.3341064453125,590.3128764026674,585.1421107506463,585.6266079138771,63606200,0.005686392165638516
2025-06-04,589.1759643554688,591.1730898063917,588.7409487228937,590.1943197189499,57314200,-0.00026837630786721444
2025-06-05,586.3285522460938,592.2111289512687,584.3512195951713,590.8566609128592,92278700,-0.00484458823974022
2025-06-06,592.349609375,594.0204580272924,590.0954209877331,591.8750084630755,66588700,0.010216715128296139
2025-06-09,592.8834228515625,594.4356362447949,591.7069074945726,592.9229477814916,53016400,0.0009007739375168922
2025-06-10,596.2449951171875,596.6305291817529,592.3002255337209,593.4173631354267,66247000,0.005653857345465712
2025-06-11,594.5443725585938,598.2024500657004,592.4780937113569,597.3423151819753,73658200,-0.002856296438241887
2025-06-12,596.9073486328125,596.9073486328125,592.725309003214,593.2097458920864,64129000,0.0039665546330707215
2025-06-13,590.23388671875,595.0288949944265,588.7310943639458,591.7168864341237,89506000,-0.011243029914496857
2025-06-16,595.8494262695312,597.5993850121447,593.4172853343232,593.5952983788304,79984100,0.00946911814478643
2025-06-17,590.7578125,594.9299553868199,589.9965201271316,593.4074309844862,82209400,-0.008581853965084374
2025-06-18,590.6688232421875,594.4059506456396,589.7097855095001,591.6574895866379,76605000,-0.0001506471164413424
2025-06-20,589.2816162109375,594.4180406328666,587.8735160730708,593.3471074282096,94051400,-0.002351298196901591
2025-06-23,595.1021728515625,595.4888465716903,586.9116378864132,590.0351069773628,87426000,0.009828914501278211
2025-06-24,601.676513671875,602.7374608387837,598.3348024442159,599.2471080685161,67735300,0.010986838296736497
2025-06-25,602.0135498046875,603.4910078317407,600.4468221319722,602.7968833801484,62114800,0.0005600048581395232
2025-06-26,606.7236328125,607.1599344481853,603.2530708764845,603.8678512919777,78548400,0.007793434198035738
2025-06-27,609.7380981445312,611.2056913389495,605.692457719191,607.7252035075089,86258400,0.004956130432601319
2025-06-30,612.6533203125,614.0117925800773,609.8669572755672,612.1873024714439,92502500,0.0047697123045244375
2025-07-01,612.455078125,613.625146088841,610.3429883405835,611.1758893553448,70030100,-0.000323632079386807
2025-07-02,615.2315063476562,615.2711481262035,611.4237773441516,612.0484833566157,66510400,0.004523032166475909
2025-07-03,620.0803833007812,621.0124795190609,617.194824993195,617.214676143094,51065800,0.00785049006139128
2025-07-07,615.4595336914062,618.7813935886118,612.6731706581298,618.1169852960921,74814500,-0.007479922081385233
2025-07-08,615.1224365234375,616.8775081543645,614.3093261623386,616.1238907210633,59024600,-0.000547866269065751
2025-07-09,618.8110961914062,619.4655183729625,615.6875662931247,617.5319680301938,66113300,0.005978718557821743
2025-07-10,620.5563354492188,621.5974919629854,617.7699723301522,618.9499658515675,57529000,0.0028163406054207227
2025-07-11,618.3748168945312,619.6043777491163,616.3024294765994,617.5022136064131,63670200,-0.003521617492822476
2025-07-14,619.5548095703125,619.9018415613931,616.5701165685465,617.9186632768227,51898500,0.0019063975979420422
2025-07-15,616.9072875976562,622.5791484786782,616.8279435196437,622.2420420602726,74317300,-0.004282421636416066
2025-07-16,618.9697265625,619.4754466932056,612.8516386863737,618.4937831556223,88987500,0.003337615079474222
2025-07-17,622.7576293945312,623.1146474859103,618.9301097920578,619.1482908768893,68885700,0.006101040721242929
2025-07-18,622.301513671875,624.175571102461,621.1909387049365,624.007017899032,65621600,-0.0007326812474744512
2025-07-21,623.4815063476562,626.2281670376054,623.0551302914085,623.4815063476562,63375000,0.0018943796948635745
2025-07-22,623.5706787109375,624.4333563471947,620.9231528797274,623.8086504006922,60046300,0.00014301304227953124
2025-07-23,628.8757934570312,628.8757934570312,624.4334327911965,626.2381323551606,70511000,0.008471653827091889
2025-07-24,629.083984375,630.7994747941685,628.6576082944551,629.2624631630094,71307100,0.0003309977370316064
2025-07-25,631.741455078125,632.2174590489252,629.5005143245561,629.7484116245431,56865400,0.004215452124055922
2025-07-28,631.582763671875,632.6734874729789,630.1945147233831,632.1181999979412,54917100,-0.0002512283145203753
2025-07-29,629.9169311523438,633.2982235137306,629.0046860832861,632.9809077241022,60556300,-0.0026410366877477926
2025-07-30,629.1236572265625,632.3165451544952,626.2281734095909,630.5713386132512,80418900,-0.0012601246347007209
2025-07-31,626.763671875,634.4682782312485,625.4646925404661,634.0816044685715,103385200,-0.0037582800219577626
2025-08-01,616.4907836914062,621.0719812920488,614.0812292944926,621.0322789916852,140103600,-0.01652617763451541
2025-08-04,625.8612670898438,625.9108344398344,620.3183179857707,620.4075271113948,73218000,0.015085355384855111
2025-08-05,622.6881713867188,627.2891592865192,621.7660007962415,626.4760489706393,68051400,-0.005082862459229773
2025-08-06,627.4578247070312,628.1122469303318,622.8469108529321,623.7591559441935,64357500,0.007630591112261875
2025-08-07,626.9322509765625,631.62244837055,623.8186464662513,630.8886820702932,74205800,-0.0008379749990245634
2025-08-08,631.82080078125,632.2868791777582,628.4097315038053,628.727047311219,64051600,0.007767328747427917
2025-08-11,630.5712890625,633.5758329217508,629.3218771812983,632.0983749269875,58742300,-0.001979594354005871
2025-08-12,637.284423828125,637.4430514601922,631.4340237207567,632.9214074238032,64730800,0.010589844623781234
2025-08-13,639.4659423828125,640.7549961752953,637.2745085703324,639.4857330110176,60092800,0.00341730182405768
2025-08-14,639.5254516601562,640.1897994624859,636.9374184340268,637.3835851461316,59327500,9.305657202052432e-05
2025-08-15,638.0281372070312,640.6558727131268,637.11589211782,640.5566774831647,68592500,-0.002344034961438168
2025-08-18,637.8892822265625,638.5834067295413,636.7787072305159,637.4529805837014,43804900,-0.00021765512234882508
2025-08-19,634.4286499023438,638.6924711313014,633.1098193903536,637.7108075589789,69750700,-0.005439899526511449
2025-08-20,632.7429809570312,634.2799321395609,627.626407225106,634.0221697813646,88890300,-0.002660523481711854
2025-08-21,630.2044677734375,632.604096553562,628.4791123479844,630.9283690027011,54805800,-0.004019987695829061
2025-08-22,639.88232421875,641.0623176031913,631.8901189367884,632.3958390332336,84083200,0.015239972288353226
2025-08-25,637.0662231445312,639.8625116828326,636.9472372936925,638.6230253017661,51274300,-0.004410679890625311
2025-08-26,639.733642578125,640.0807351008626,636.1738713484165,636.7985773675441,51581600,0.004178295104639576
2025-08-27,641.1912841796875,641.9250504526357,638.9998504138363,639.148612992103,48341100,0.002275921406955702
2025-08-28,643.4620361328125,644.0173236548059,639.9121904309055,641.7961735668325,61519500,0.003535201726632855
2025-08-29,639.6245727539062,642.3911452321481,637.7306640961879,642.0242015644989,74522200,-0.005981630225622505
2025-09-02,634.884765625,635.1028861742022,629.5797276837342,632.13804448044,81983500,-0.007437888193564877
2025-09-03,638.3255615234375,638.7916398746721,635.0731807265284,637.2645539172183,70820900,0.005404926745351524
2025-09-04,643.6603393554688,643.6901160802078,638.0975387911232,638.9998582812316,65219200,0.008322725893241605
2025-09-05,641.7960815429688,646.7243105506017,637.918995020256,646.0004093954814,85178900,-0.0029005403671605104
2025-09-08,643.372802734375,644.3743174556171,641.7862237872296,643.1645472258064,63133100,0.0024537195099900815
2025-09-09,644.8601684570312,645.3856792185645,641.7762803015634,643.5115612591451,66133900,0.0023091574533954592
2025-09-10,646.724365234375,649.0446498954948,645.1576374702139,648.122479271532,78034500,0.0028866837953472123
2025-09-11,652.0987548828125,652.7928793680376,648.0927566439484,648.6777603299006,69934400,0.008275831003020973
2025-09-12,651.8805541992188,653.5662677492645,651.3748946038203,652.0689585463732,72780100,-0.0003346689385492503
2025-09-15,655.3511352539062,655.4800466805781,653.7943936028013,654.0918582328915,63772400,0.00530983028777682
2025-09-16,654.4488525390625,656.213910313041,653.6655188822047,655.9064595692537,61169000,-0.0013777414352981307
2025-09-17,653.6357421875,656.1543568928759,648.7967821934204,654.4587781451693,101952200,-0.0012432077551662243
2025-09-18,656.6898193359375,659.2977035594738,654.7165666735059,656.3229362038169,90459200,0.004661563154355169
2025-09-19,659.9423217773438,660.7874850308027,656.6311583459587,658.5800832029405,97945600,0.004940649640818598
2025-09-22,663.0645751953125,663.5119788762895,658.4209716621773,658.4508309420254,69452200,0.004719943972387415
2025-09-23,659.4551391601562,663.5617612775759,658.2320617574377,662.9452156846509,81708900,-0.005458436585496771
2025-09-24,657.3569946289062,660.8471316064555,655.9350982101993,660.7477220570149,68082200,-0.003186705609680798
2025-09-25,654.3242797851562,655.6765652531099,650.7048739536411,654.2149171420698,89622100,-0.004624172513464782
2025-09-26,658.072998046875,658.619871988132,654.1553026157394,655.7760789419195,69179200,0.005712795234045289
2025-09-29,659.9224243164062,661.5134019828115,658.112721358766,660.5985670660314,73499000,0.0028064247447203627
2025-09-30,662.4082641601562,662.8756347075731,657.8641309647478,659.1766647693167,86288000,0.0037597898827210047
2025-10-01,664.6654052734375,665.5801794564833,659.3059076216911,659.4152702620313,72545400,0.003401684988263315
2025-10-02,665.4309692382812,666.7733621981591,663.004842335434,666.6540464714482,56896000,0.001151140720406421
2025-10-03,665.421142578125,668.8714672806448,664.377038831869,666.1966948783695,70494400,-1.4767471260179647e-05
2025-10-06,667.8074951171875,668.7024238148077,665.669704301124,667.8174482099862,54623300,0.003579813724412676
2025-10-07,665.3316040039062,669.1796881705657,663.8898014056139,668.7322238208072,72020100,-0.0037143820348426687
2025-10-08,669.2990112304688,669.398481470165,665.6299006256374,666.4552183740389,60702200,0.005945343779221919
2025-10-09,667.3600463867188,670.1243359074817,665.4211353124821,669.7166839203261,66501900,-0.002901212830195306
2025-10-10,649.32275390625,670.1342452495495,649.14378031214,668.324542434099,159422600,-0.027399797306962
2025-10-13,659.2860107421875,661.3642043859337,656.0345659370097,656.9095884512618,79560500,0.01522754489520044
2025-10-14,658.4805908203125,662.0602448848334,649.4718888267987,653.4492417720955,88779600,-0.0012224016319925188
2025-10-15,661.4039306640625,666.4352795829697,655.1992699391986,663.0446129876665,81702600,0.004429697562726796
2025-10-16,656.8995971679688,664.9239136533134,653.3895542222015,663.0445999065358,110563300,-0.006833556809050219
2025-10-17,660.62841796875,661.9906565438909,654.4138037793879,655.7660892614911,96500900,0.005660343785832389
2025-10-20,667.499267578125,668.4041493887289,663.4921159142255,663.5418206897375,60493400,0.010346762560389149
2025-10-21,667.4893188476562,669.1797060532549,666.1867381348511,667.638493864759,56249000,-1.4904592548673624e-05
2025-10-22,664.0191040039062,668.1953369980629,659.5445816579371,668.1953369980629,80564000,-0.005212468267243702
2025-10-23,667.9566650390625,668.9012985038863,664.019063764971,664.3372592841532,65604500,0.00591237858353294
2025-10-24,673.4155883789062,674.628651928334,671.8246714345047,672.6300829996666,74356500,0.008139356488562998
2025-10-27,681.3603515625,681.658640907831,678.2580209918731,678.8645527756448,63339800,0.011728661579555206
2025-10-28,683.1700439453125,685.0095454543999,680.9526890414517,683.1600908523567,61738100,0.0026524780243792965
2025-10-29,683.4982299804688,685.795149064121,679.0038013689816,684.8206562449755,85657100,0.00048027169098161166
2025-10-30,675.9810180664062,682.0564104652303,675.9810180664062,680.0279821977349,76335800,-0.011059070654489161
2025-10-31,678.1983032226562,681.2012239761448,675.3942622450203,681.1614116072222,87164100,0.003274731939679319
2025-11-03,679.4711303710938,681.9171636388411,676.0903560257897,681.7878948104295,57315000,0.001875018306885159
2025-11-04,671.4169921875,676.1103005794487,670.7607556049009,672.2820616639051,78427000,-0.011924353295924664
2025-11-05,673.7437133789062,677.0051112074705,670.3529860359731,671.1583975728993,74402400,0.003459398571762206
2025-11-06,666.514892578125,673.5448715272548,664.9338680034818,672.6399897028363,85035300,-0.010787307565268271
2025-11-07,667.1710815429688,667.2805048704689,657.4663915648358,664.1284090392404,100592400,0.0009840232716329205
2025-11-10,677.5818481445312,678.3176487268574,671.2081667723378,673.4056154266486,75842900,0.015483847432383142
2025-11-11,679.1329956054688,679.6997756663966,674.8871520395073,676.1002762110339,58953400,0.0022866236688574054
2025-11-12,679.5109252929688,681.0819968300743,677.0946904605516,680.9129156193362,62312500,0.0005563336963194146
2025-11-13,668.235107421875,677.0051787486752,666.7237544337754,676.6472315164618,103457800,-0.016733243059015003
2025-11-14,668.1256713867188,671.8345335183507,659.5147291242073,661.612768198211,96846700,-0.00016378217190490574
2025-11-17,661.901123046875,669.8956413839408,658.4209391867944,665.9083353081996,90456100,-0.009360102835536118
2025-11-18,656.3427734375,661.354216097308,652.146634691611,658.3512953245886,114467500,-0.008433010863377237
2025-11-19,658.8783569335938,663.5617119214406,655.0203196831769,657.0388554539629,94703000,0.003855757148191913
2025-11-20,648.8355712890625,671.7351497651099,648.1991802397498,669.1001291109939,165293500,-0.015359602533844793
2025-11-21,655.2987670898438,660.7874729698119,647.1650267848305,651.3412595795126,123956200,0.009911937023691694
2025-11-24,664.9437866210938,666.2662734630499,657.8442577670318,658.9380055466532,80437900,0.014611241086193577
2025-11-25,671.1982421875,672.3815071629971,660.717877921785,664.8444060411854,81077100,0.009362030553383407
2025-11-26,675.8318481445312,677.8404309302599,672.8885849296569,673.7934667684052,71879600,0.006879763512976049
2025-11-28,679.5208129882812,679.7991961322198,676.6471609574353,677.0051081523229,49212000,0.0054435632273936016
2025-12-01,676.41845703125,679.1230277654502,674.8970904760725,674.9667014318244,61201200,-0.004575959173217758
2025-12-02,677.67138671875,679.9483994968172,675.4838303983408,678.0591325179204,62953800,0.0018505862825212542
2025-12-03,680.0180053710938,681.0321891246488,675.8417725523884,676.7167950740063,57238500,0.003456786217426821
2025-12-04,680.51513671875,681.4895687361658,677.4824173401821,681.4199577792665,61970300,0.0007307890626128348
2025-12-05,681.8078002929688,684.4925257185774,680.7040993957534,681.5890143183475,79241000,0.0018977350040129193
2025-12-08,679.7594604492188,682.7524282821314,677.7111260885928,682.7027235077143,55231500,-0.003008799415334641
2025-12-09,679.1727905273438,681.5095218770947,678.7253868572307,679.2822138612034,58310100,-0.0008634278241621205
2025-12-10,683.6771850585938,685.0692222502689,677.4526176554032,678.6955405173951,85671300,0.006610281415951135
2025-12-11,685.26806640625,685.3476304583654,678.3076987410943,681.2609148661827,86173700,0.002324244979309141
2025-12-12,677.9000854492188,684.9797692517327,675.3247225627367,684.2737672143002,113160300,-0.010810189042095767
2025-12-15,676.8758544921875,681.8774049984522,675.4042533093998,681.8574988128718,90811000,-0.001512030324677354
2025-12-16,675.0264282226562,677.2239376857725,671.1584377196804,675.3843754405706,122030600,-0.002736037133594218
2025-12-17,667.5986938476562,676.5874893555698,667.3998140691156,676.0406154817738,110625200,-0.01106460773219221
2025-12-18,672.6399536132812,676.8857972779194,671.0788959983324,673.7635606688432,108650100,0.007522963990016468
2025-12-19,678.7363891601562,679.2350273728672,674.6275542880097,674.747283458469,103599500,0.009022618958016409
2025-12-22,682.96484375,683.4933686131409,678.7364013691785,682.0772531068674,69556700,0.006210566721978087
2025-12-23,686.0863037109375,686.325640311278,682.0074163952171,682.0572680421344,64840000,0.004560042005282501
2025-12-24,688.4996948242188,688.9484813838191,685.9267046355759,686.0763204450832,39445600,0.0035114479496600164
2025-12-26,688.4298706054688,689.7761694005526,687.392725060237,688.758988861415,41613300,-0.0001014201750952399
2025-12-29,685.9765625,687.322922191004,684.2014421207446,685.6674092439482,62559500,-0.0035699930558561223
2025-12-30,685.138916015625,686.6846823672308,684.7100944386586,685.5777200962995,47160700,-0.0012218468855631148
2025-12-31,680.062744140625,685.4879304984822,679.8533550408816,685.2685588951464,74144800,-0.0074365500962735335
2026-01-02,681.309326171875,684.999261161205,677.9684744567207,683.842447277036,89377200,0.0018313617663269853
2026-01-05,685.846923828125,687.5522884526621,684.5106074856512,684.6701449336617,71927200,0.006638033243240065
2026-01-06,689.92578125,690.4344019511112,685.9067890249802,686.0563439630641,69273800,0.005929568682081867
2026-01-07,687.701904296875,692.0699799720542,687.4426026835383,690.3047811958188,75588300,-0.0032285629973805552
2026-01-08,687.632080078125,688.7390423054183,685.6175622141362,686.9439569075789,64019200,-0.00010153783677743937
2026-01-09,692.1796264648438,693.4162394407576,687.3029303433501,688.7489932725086,80125500,0.006591570183952557
2026-01-12,693.2666625976562,694.1941832506386,688.7490319805348,688.7988836287034,63976000,0.0015692219387488094
2026-01-13,691.8804931640625,694.194181802135,689.467040360938,693.595779418591,78309700,-0.002001476724789629
2026-01-14,688.479736328125,689.8360176539858,684.1714948792828,689.1180078469732,94676700,-0.004927356850498766
2026-01-15,690.3546142578125,693.5558934557131,689.3673203481677,692.678285342935,77862000,0.0027195131661778946
2026-01-16,689.7761840820312,692.359156800422,688.22043529661,691.7707369284135,79289200,-0.0008382252035026964
2026-01-20,675.7345581054688,682.9049778344743,674.7272992054969,679.6338820353151,111623300,-0.020566840670864645
2026-01-21,683.5332641601562,686.8641332264262,676.2830453044572,677.7989248999835,127844500,0.0114749889632404
2026-01-22,687.103515625,689.2476843606095,685.0491285530771,687.9711412752974,77112200,0.005209636268787033
2026-01-23,687.352783203125,689.0781127396581,685.2884137823622,686.2757685331861,63059600,0.00036271445090017455
2026-01-26,690.84326171875,692.2394730275811,688.0409174669724,688.609372319757,60473800,0.005065296757285074
2026-01-27,693.5957641601562,694.6329705879123,691.6810104865692,692.2893344912051,55506100,0.003976348566725876
2026-01-28,693.5259399414062,695.9393926651097,692.0499903412962,695.1515053497095,61172200,-0.00010067497120472829
2026-01-29,692.1497192382812,695.1615135683285,682.9648421722587,694.4933553961189,97486200,-0.0019863539443873905
2026-01-30,690.0853271484375,692.3192774332931,685.2485609149509,689.9058246991844,101835100,-0.0029870370168700792
2026-02-02,693.5159912109375,695.0318708971434,687.5423149981101,687.7019133171445,79286500,0.004959045712933714
2026-02-03,687.6520385742188,695.0617950648859,682.1670182684101,694.3138377504575,107904600,-0.008491346084250548
2026-02-04,684.3211059570312,689.5667896413613,679.9031787408285,688.4697490630058,105204600,-0.004855691490926631
2026-02-05,675.7744750976562,681.8279505601881,673.9494421186707,679.0854402743204,113610800,-0.012567856956365418
2026-02-06,688.739013671875,690.4244132010324,678.995603890688,679.6039887472712,89127600,0.019003005567205973
2026-02-09,692.0599975585938,693.9747512796714,686.4652913399738,687.5423060693106,73885200,0.004810244305276485
2026-02-10,690.2349243164062,694.64286887948,689.7761552680904,693.0572335194393,65185700,-0.00264064386524897
2026-02-11,690.075439453125,695.2413241987686,687.3029816841566,694.4933668556342,76353900,-0.000231085512616827
2026-02-12,679.41455078125,693.4561594586687,678.5169776231163,692.3491972008484,118829000,-0.015569451553392327
2026-02-13,679.8931884765625,684.410879804094,675.6747287653898,679.833354327075,96267500,0.0007042374603937072
2026-02-17,680.9901733398438,683.074507822494,673.9394826742099,678.287593220413,81354700,0.0016121662321053362
2026-02-18,684.4208374023438,687.2730943282486,680.9702998190471,682.157061237011,73570300,0.005025111493454597
2026-02-19,682.61572265625,684.311104689823,679.6937101433548,681.9775120282383,58649400,-0.0026409180968155325
2026-02-20,687.5523071289062,688.1805961724377,679.8732661615737,680.4616860592505,100034000,0.0072058400517004155
2026-02-23,680.531494140625,688.1207533479937,678.5169762252317,685.9566804858357,90558100,-0.010263807839928392
2026-02-24,685.4779052734375,686.4751816677359,678.1479481229125,680.0427976196477,73798700,0.007242165031108853
2026-02-25,691.26220703125,691.7907319065998,688.2204651135966,688.3002642742074,56369500,0.008402945104341215
2026-02-26,687.422607421875,691.4117130049051,682.486077089091,691.391808867856,71671000,-0.005569959857260949
2026-02-27,684.1216430664062,684.9892686841309,679.7835149777827,681.2295779636313,83308900,-0.004813509630285336
2026-03-02,684.5106201171875,686.744509644098,676.1734035367807,676.8515442239554,87477200,0.0005684172026597193
2026-03-03,678.4771118164062,680.7508704958498,667.8361281509542,673.221445388408,105003100,-0.008853414553509194
2026-03-04,683.2639770507812,685.2186606854194,677.7689744100875,679.7735096903759,79182200,0.007030536114047319
2026-03-05,679.4544067382812,683.6629449535216,673.7699188745959,680.2223290726917,106606500,-0.005591148225550186
2026-03-06,670.5487060546875,674.2685275228549,667.9358467743081,671.5758690877306,100687000,-0.013193791611277716
2026-03-09,676.4227294921875,678.0681991431876,660.5859743093405,664.5750801817165,102667700,0.008721878607696682
2026-03-10,675.3356323242188,681.4987932365287,672.9222404542279,675.87413967305,81505300,-0.001608419719141641
2026-03-11,674.4879760742188,678.2277626375325,671.5061293267642,675.7345715953234,68441700,-0.0012559513052689201
2026-03-12,664.2459106445312,669.8207124533001,664.0564256954588,669.3319958917509,108882200,-0.015301420789775961
2026-03-13,660.4862060546875,670.5088831921612,659.5587462493693,667.4472371497842,97200200,-0.005676188622551868
2026-03-16,667.2078857421875,670.239584206393,665.3030536555561,666.5596317087426,82023100,0.010125430484197413
2026-03-17,668.9630126953125,672.60309589337,667.8760155087483,670.5586914524959,87128000,0.002627101016221855
2026-03-18,659.6285400390625,667.8959397089973,659.3892034355257,666.5396583763402,82062600,-0.014051912692600945
2026-03-19,658.0029907226562,661.1743225351036,653.3855958813168,655.1806813207687,111272500,-0.0024673819700690397
2026-03-20,648.5700073242188,656.6900024414062,644.719970703125,656.510009765625,163617500,-0.01443952585884218
2026-03-23,655.3800048828125,662.6199951171875,653.9400024414062,658.0700073242188,134802700,0.010445276906504148
2026-03-24,653.1799926757812,657.030029296875,649.8800048828125,651.3200073242188,96457500,-0.0033624966130463346
2026-03-25,656.8200073242188,660.8900146484375,654.239990234375,658.6699829101562,90653800,0.005557288574735996
2026-03-26,645.0900268554688,654.8499755859375,644.8200073242188,652.0599975585938,96494400,-0.018020135919566853
2026-03-27,634.0900268554688,642.6599731445312,633.1099853515625,642.5,103649400,-0.01719894102480063
2026-03-30,631.969970703125,640.3699951171875,629.280029296875,640.1099853515625,99275900,-0.003349064243429706
2026-03-31,650.3400268554688,651.5399780273438,637.97998046875,638.9400024414062,152534100,0.028653466042465783
2026-04-01,655.239990234375,658.52001953125,653.0,653.9000244140625,97841500,0.00750622148232205
2026-04-02,655.8300170898438,658.2000122070312,645.1099853515625,646.4199829101562,68358700,0.0009000692442135715
2026-04-06,658.9299926757812,659.719970703125,655.52001953125,655.8599853515625,39105800,0.004715661120724013
2026-04-07,659.219970703125,659.6099853515625,651.0599975585938,656.6500244140625,69980400,0.0004399773016391101
2026-04-08,676.010009765625,677.0800170898438,671.4600219726562,676.3900146484375,93606100,0.025150609779818547
2026-04-09,679.9099731445312,681.1599731445312,673.77001953125,674.8400268554688,57134400,0.005752513692051993
2026-04-10,679.4600219726562,682.030029296875,678.4500122070312,681.3200073242188,42253500,-0.0006619995879319516
2026-04-13,686.0999755859375,686.2999877929688,676.5800170898438,677.4099731445312,54185800,0.009724956729963633
2026-04-14,694.4600219726562,694.5800170898438,687.6599731445312,687.6900024414062,63480500,0.012111242670247968
2026-04-15,699.9400024414062,700.280029296875,694.2000122070312,695.260009765625,58240400,0.0078600237887659
2026-04-16,701.6599731445312,702.780029296875,698.530029296875,701.0599975585938,49972400,0.002454297369362188
2026-04-17,710.1400146484375,712.3900146484375,705.760009765625,706.1400146484375,70661900,0.012013236382059651
2026-04-20,708.719970703125,709.9099731445312,706.1400146484375,708.780029296875,43546800,-0.0020016695574076216
2026-04-21,704.0800170898438,711.280029296875,702.6400146484375,710.280029296875,58941400,-0.006568474427903533
2026-04-22,711.2100219726562,711.4500122070312,708.219970703125,709.1500244140625,42518500,0.01007576539985774
2026-04-23,708.4500122070312,712.3599853515625,702.280029296875,709.5,56174000,-0.0038882734971482065
2026-04-24,713.9400024414062,714.469970703125,709.010009765625,710.75,45182000,0.007719426373887486
2026-04-27,715.1699829101562,715.6300048828125,712.2999877929688,713.1699829101562,33135900,0.0017213241598695744
2026-04-28,711.6900024414062,712.8800048828125,709.25,711.8200073242188,43117400,-0.004877826001792575
2026-04-29,711.5800170898438,712.2000122070312,708.3699951171875,711.0,41859200,-0.0001545530367001282
2026-04-30,718.6599731445312,719.7899780273438,710.4500122070312,714.6300048828125,67240900,0.009900455774975739
2026-05-01,720.6500244140625,724.8699951171875,720.469970703125,721.25,43049800,0.002765286895853703
2026-05-04,718.010009765625,722.1199951171875,714.989990234375,720.0700073242188,51950600,-0.003670106278149628
2026-05-05,723.77001953125,725.0399780273438,721.489990234375,721.77001953125,36933200,0.007990179213504577
2026-05-06,733.8300170898438,734.5900268554688,727.8200073242188,728.1599731445312,53288900,0.013803728106156042
2026-05-07,731.5800170898438,736.1300048828125,729.75,735.0499877929688,51724600,-0.0030708152880456166
2026-05-08,737.6199951171875,738.0800170898438,734.5700073242188,734.9299926757812,47227100,0.008222178062143842
2026-05-11,739.2999877929688,740.7899780273438,736.4500122070312,736.4500122070312,44024000,0.0022749958288905154
2026-05-12,738.1799926757812,738.8400268554688,731.8300170898438,736.8900146484375,54185300,-0.0015160886733100647
2026-05-13,742.3099975585938,743.9099731445312,735.469970703125,738.469970703125,44200200,0.005579255007885031
2026-05-14,748.1699829101562,749.530029296875,743.5599975585938,743.6500244140625,45307600,0.007863259651000725
2026-05-15,739.1699829101562,743.4600219726562,737.9600219726562,741.7899780273438,60290000,-0.012102290069018232
